id	chapter	topic	kind	front	answer	explanation	common_trap	difficulty	tags
ch01-001	1	GDP definition	recall	What is gross domestic product (GDP)?	The market value of all final goods and services produced within a country during a specified period.	Every word matters: market value lets unlike products be added; final avoids double counting; produced means current production; within a country makes GDP a location-based measure; and the period makes GDP a flow.	Do not define GDP as everything bought or sold. Used goods and many financial transactions are not current production.	1	definition,high-yield
ch01-002	1	GDP definition	mcq	Which is the best definition of annual GDP?	The market value of all final goods and services produced within the country during the year.	The course lecture explicitly uses this as a discrimination question. “Purchased” is too narrow because inventories can be produced without final sale; “bought and sold” incorrectly includes second-hand transactions.	Watch for the words final, produced, within the country, and during the period.	1	mcq,definition
ch01-003	1	GDP and second-hand goods	scenario	You sell a used textbook to another student. Is the sale included in current GDP?	No.	The book was counted when it was newly produced. A resale merely transfers ownership of an existing asset and does not represent new production in the current period.	A fee paid to a current-period intermediary for arranging a used-good sale could be current production, even though the used good itself is not.	1	classification,GDP
ch01-004	1	GDP and imports	scenario	An Australian household buys a newly produced book directly from the UK. How does it enter Australian GDP?	It is consumption and an import; the import subtraction offsets the consumption, so it does not add to Australian GDP.	In Y = C + I + G + X - M, the purchase may first appear in C, but because the good was produced abroad it also appears in M. Subtracting M ensures GDP measures domestic production.	“Imports reduce GDP” is sloppy: the subtraction removes foreign production already embedded in C, I, or G.	2	classification,net-exports
ch01-005	1	Intermediate goods	recall	Why are intermediate goods not added separately to GDP?	To avoid double counting.	Their value is embodied in the value of the final good. GDP can equivalently be calculated by summing value added at each stage of production.	An intermediate good produced this period still contributes to GDP through the producer’s value added; it is just not counted twice.	2	value-added,GDP
ch01-006	1	Value added	formula	How do you calculate a firm’s value added?	Value added = value of sales/output - value of intermediate inputs purchased from other firms.	Summing value added across all domestic producers gives the production-side measure of GDP. Wages, profits and other primary incomes are paid out of value added.	Do not subtract wages as an intermediate input; labour is a factor of production, not an intermediate good.	2	formula,value-added
ch01-007	1	Expenditure GDP	formula	State the expenditure identity for GDP.	Y = C + I + G + NX = C + I + G + X - M.	C is household consumption, I is investment, G is government purchases of goods and services, and NX is exports minus imports. The identity is an accounting identity, not a behavioural theory.	Transfers and government interest payments are not G because they are not purchases of newly produced final goods or services.	1	formula,high-yield
ch01-008	1	Consumption	classification	What belongs in C in the expenditure approach?	Household purchases of newly produced final goods and services, except new residential construction.	Consumption includes durable and nondurable goods and services purchased by households. The course classifies new dwellings as investment, even though households buy them.	A household buying shares or an existing house is not consumption expenditure on current production.	2	GDP-components
ch01-009	1	Investment	classification	What belongs in macroeconomic investment I?	Business fixed investment, new dwelling/residential construction, and inventory investment.	Investment means production of new capital goods or additions to inventories, not the purchase of existing financial assets. Inventory investment is the change in inventory stocks over the period.	Buying shares is saving/portfolio investment in ordinary language, but not I in the GDP expenditure identity.	1	GDP-components,investment
ch01-010	1	Inventory investment	calculation	Beginning inventories are 100 and end-of-period inventories are 75. What is inventory investment?	-25.	Inventory investment is end stock minus beginning stock: 75 - 100 = -25. Negative inventory investment means inventories were run down during the period.	Do not use the level of inventories as investment; use the change in the stock.	2	calculation,investment
ch01-011	1	Government spending	classification	Which government payments count as G in GDP?	Government purchases of newly produced goods and services.	Government consumption and public investment count. Transfer payments and interest on government debt do not directly count because no current good or service is received in exchange.	A transfer may later finance household C, but the transfer itself is not G.	2	GDP-components,government
ch01-012	1	Net exports	formula	How are net exports defined?	NX = X - M.	Exports are domestically produced goods and services purchased by foreigners and add to domestic production. Imports are foreign production and are subtracted to remove them from other expenditure categories.	A trade deficit means NX < 0; it does not mean exports are zero.	1	formula,international
ch01-013	1	GDP vs GNI	recall	What is the core distinction between GDP and GNI?	GDP is based on where production occurs; GNI is based on income accruing to a country’s residents/owned factors of production.	A foreign worker producing in Australia contributes to Australian GDP, but the income sent to the foreign-owned factor is removed when moving from GDP to GNI. Conversely, income earned by Australian-owned factors abroad is added.	Nationality of the producer is not what determines GDP; location of production does.	2	GDP,GNI
ch01-014	1	Nominal vs real GDP	recall	What is the difference between nominal and real GDP?	Nominal GDP values current production at current prices; real GDP values production using a common set of prices so that changes reflect quantities rather than price changes.	Nominal GDP can rise because quantities, prices, or both rose. Real GDP is the relevant measure for changes in aggregate production over time.	Do not infer real growth from nominal growth without controlling for prices.	1	nominal-real,GDP
ch01-015	1	Real GDP	calculation	How do you calculate real GDP using a fixed base year?	Multiply each current-year quantity by its base-year price, then sum across goods and services.	Using a common price vector isolates the quantity change. Different base years can give different real growth rates because relative prices change, which motivates chain weighting.	The base year determines the prices, not the quantities.	2	calculation,real-GDP
ch01-016	1	Chain weighting	recall	Why does the course use chain-weighted real GDP growth?	Because growth measured with one fixed set of prices can depend heavily on the chosen base year; chain weighting averages adjacent-year growth measures using both years’ prices.	The worksheet has you compute real growth with 2019 prices and with 2020 prices, then average the two. Chaining reduces base-year distortion and better reflects changing relative prices.	Do not average nominal and real growth; average the two real growth rates constructed with adjacent price sets.	3	real-GDP,chain-weighting
ch01-017	1	GDP deflator	formula	How is the GDP price index/deflator related to nominal and real GDP?	GDP price index = nominal GDP / real GDP (often multiplied by 100).	Rearranging gives real GDP = nominal GDP / price index when the index is written as a ratio rather than 100-based. The percentage change in the price index measures broad domestic-output inflation.	Keep track of whether the index is 1.13 or 113; the economics is the same but arithmetic differs by a factor of 100.	2	formula,price-level
ch01-018	1	CPI definition	recall	What does the CPI measure?	The cost of a fixed representative basket of consumer goods and services in the current period relative to its cost in a base period.	Fixing quantities is intended to isolate price changes. A common formula is CPI_t = cost of base-year basket at current prices / cost of base-year basket at base-year prices, with or without multiplying by 100.	The CPI basket is not the current year’s quantities when using the standard fixed-basket construction.	1	CPI,definition
ch01-019	1	Inflation	formula	How is the inflation rate calculated from a price index?	π_t = (P_t - P_{t-1}) / P_{t-1}, usually expressed as a percentage.	Inflation is the growth rate of the price level, not the price level itself. A falling but still positive inflation rate is disinflation; a negative inflation rate is deflation.	A CPI of 120 does not mean inflation is 20% this year unless the previous CPI was 100.	1	formula,inflation
ch01-020	1	CPI vs GDP deflator	contrast	Give two important differences between the CPI and GDP deflator.	CPI uses a fixed consumer basket and can include imported consumer goods; the GDP deflator covers domestically produced final output and its weights change with current production.	These measures can move differently when import prices change or when the composition of domestic production changes. CPI is designed as a cost-of-living measure for consumers; the GDP deflator is a price index for domestic output.	Do not assume the two price indexes use the same basket or geographical coverage.	3	CPI,GDP-deflator
ch01-021	1	CPI bias	recall	What is substitution bias in a fixed-basket CPI?	The CPI can overstate the rise in the true cost of living because consumers substitute away from goods whose relative prices rise.	A fixed basket assumes consumers keep buying the original quantities even when relative prices change. In reality, substitution can reduce the expenditure needed to maintain similar welfare.	This is different from quality bias: substitution concerns quantities chosen in response to relative prices.	2	CPI,bias
ch01-022	1	CPI bias	recall	What is quality-change bias in the CPI?	If quality improves but the index treats the good as unchanged, measured price growth can overstate the rise in the true cost of living.	The tutorial’s iPhone example keeps the sticker price constant while quality rises. A constant measured price then misses a fall in the quality-adjusted price.	A higher price for a much better product is not necessarily pure inflation.	2	CPI,bias
ch01-023	1	GDP and welfare	recall	Why is real GDP per capita an imperfect measure of economic welfare?	It measures market production per person, not welfare directly.	It omits or poorly captures household production, leisure, distribution, environmental degradation, many non-market activities and other dimensions of quality of life. It is still useful because material production strongly affects living standards.	“GDP is imperfect” does not imply “GDP is useless.”	2	welfare,GDP
ch01-024	1	Growth rate	formula	What is the standard percentage growth formula for real GDP?	Growth = (Y_t - Y_{t-1}) / Y_{t-1} × 100%.	The denominator is the previous period’s level. The same percentage-change logic is used repeatedly in the course for GDP, prices, debt ratios and exchange-rate changes.	Dividing by the new value instead of the old value is a common MCQ distractor.	1	formula,growth
ch01-025	1	Business cycle	recall	What is a classical business cycle recession?	A period in which the level of real GDP declines from a peak to a trough.	The textbook distinguishes the classical cycle, which focuses on the level of GDP, from growth-cycle ideas that focus on deviations from trend or potential output.	A low positive growth rate is not necessarily a classical recession if the level of GDP is still rising.	2	business-cycle
ch01-026	1	Technical recession	recall	What is the common “technical recession” rule?	Two consecutive quarters of negative real GDP growth.	It is a convenient rule of thumb, not a complete economic definition of recession. Broader assessments can consider depth, duration and labour-market conditions.	One negative quarter is not enough for this technical rule.	1	business-cycle,definition
ch01-027	1	Unexpected inflation	scenario	Who tends to gain from unexpectedly high inflation on a fixed nominal loan: borrower or lender?	The borrower gains and the lender loses in real terms.	The nominal repayment is fixed, but unexpectedly higher prices reduce its purchasing power. The realized real interest rate is therefore lower than the lender expected.	This result assumes the nominal rate was fixed before the inflation surprise.	1	inflation,redistribution
ch01-028	1	Unexpected inflation	recall	Why is volatile, unanticipated inflation costly even apart from redistribution?	It makes it harder to distinguish changes in relative prices from changes in the general price level and makes planning and contracts more uncertain.	Relative-price signals guide resource allocation. Extra noise from unpredictable inflation can lead households and firms to make poorer decisions and increases forecasting and contracting costs.	Perfectly anticipated inflation removes much of this uncertainty but not all inflation costs.	2	inflation,costs
ch01-029	1	Menu costs	recall	What are menu costs of inflation?	Real resource costs incurred because firms must change prices more frequently.	The restaurant-menu example is literal, but the concept includes repricing systems, catalogues, contracts and administrative effort. They remain even when inflation is perfectly anticipated.	Menu costs are not the loss of purchasing power itself.	1	inflation,costs
ch01-030	1	Shoe-leather costs	recall	What are shoe-leather costs of inflation?	Extra transaction costs caused by efforts to economise on non-interest-bearing or low-interest money balances.	When inflation raises the opportunity cost of holding cash, people shift more often between money and interest-bearing assets. The classic metaphor is making more trips to the bank.	They are not literally limited to worn-out shoes; they are resource costs of cash management.	1	inflation,costs
ch01-031	1	Bracket creep	scenario	What is bracket creep under an unindexed progressive income-tax system?	Inflation pushes nominal income into higher tax brackets even if real income has not increased.	The tutorial shows a worker whose nominal income rises only to keep pace with prices, yet her tax liability rises faster because thresholds are fixed in nominal terms. Indexing thresholds to inflation prevents this arbitrary real tax increase.	A higher nominal wage during inflation does not automatically mean a higher real wage.	2	inflation,tax
ch01-032	1	Positive inflation target	recall	Why might policymakers prefer a small positive inflation target rather than zero?	Positive inflation can facilitate real-wage adjustment when nominal wages are downward rigid and can leave more room to cut nominal interest rates before hitting a lower bound.	The textbook uses both arguments. With positive inflation, real wages can fall even if money wages do not; and higher normal nominal rates give monetary policy more conventional easing space in downturns.	This is an argument for low positive inflation, not for high or unstable inflation.	3	inflation,policy
ch01-033	1	Deflation	contrast	What is the difference between “good” and “bad” deflation in the textbook discussion?	Bad deflation is associated with weak output and high unemployment; good deflation can arise from widespread productivity/production gains that lower prices.	The sign of inflation alone does not reveal the underlying cause. A supply-driven fall in prices can accompany rising real output, whereas demand-collapse deflation can reinforce stagnation.	Do not infer recession solely from a negative inflation rate.	3	deflation,business-cycle
ch02-001	2	Labour-force classification	recall	What are the three mutually exclusive labour-market states for a working-age person?	Employed, unemployed, or not in the labour force.	Labour-force statistics partition the working-age population into these three states. The labour force is the employed plus the unemployed; people outside it are neither employed nor actively counted as unemployed.	“Not working” is not synonymous with unemployed.	1	labour-force,definition
ch02-002	2	Unemployment definition	recall	Under the standard labour-force definition, who counts as unemployed?	A working-age person without a job who is available for work and actively seeking work.	The precise survey criteria matter because someone can want a job yet be outside the labour force if they are not actively searching. This is why discouraged workers are a recurring exam trap.	Do not classify every person without paid work as unemployed.	1	labour-force,definition
ch02-003	2	Labour force	formula	How do you calculate the labour force?	Labour force LF = employed E + unemployed U.	The labour force excludes people classified as not in the labour force. It is the denominator of the unemployment rate and the numerator component of the participation rate.	Do not use working-age population as the unemployment-rate denominator.	1	formula,labour-force
ch02-004	2	Unemployment rate	formula	How do you calculate the unemployment rate?	u = U / LF × 100%.	Only people in the labour force are in the denominator. A person moving from unemployment to not in the labour force can reduce the measured unemployment rate even without finding a job.	Using U / working-age population gives a different statistic.	1	formula,labour-force
ch02-005	2	Participation rate	formula	How do you calculate the labour-force participation rate?	Participation rate = LF / working-age population × 100%.	It measures the share of the working-age population either working or actively seeking work. Changes in participation can therefore change unemployment statistics even if employment is unchanged.	Participation is not employment divided by working-age population.	1	formula,labour-force
ch02-006	2	Employment-to-population ratio	formula	How do you calculate the employment-to-population ratio?	Employment-to-population ratio = E / working-age population × 100%.	This measure is less sensitive than the unemployment rate to whether non-employed people are actively searching. It gives a direct measure of the fraction of working-age people who are employed.	Do not divide employment by the labour force; that would be 1 - unemployment rate.	1	formula,labour-force
ch02-007	2	Labour statistics	calculation	A country has working-age population 1,000, participation 70%, and employment-to-population 60%. Find LF, E, U and u.	LF = 700; E = 600; U = 100; u = 100/700 = 14.29%.	Participation gives LF = 0.70×1000. The employment ratio gives E = 0.60×1000. Unemployment is the residual within the labour force, then divide by LF for the rate.	Do not subtract the employment rate from the participation rate and call the result the unemployment rate; that gives U as a share of population, not LF.	2	calculation,labour-force
ch02-008	2	Discouraged workers	scenario	How are discouraged workers normally classified in official labour-force statistics?	Not in the labour force.	They do not have a job and may want one, but if they have stopped actively searching they fail the active-search criterion for unemployment. Their exit can make measured unemployment fall without labour-market improvement.	Discouraged workers are not automatically counted as unemployed.	1	classification,labour-force
ch02-009	2	Frictional unemployment	recall	What is frictional unemployment?	Short-term unemployment arising from normal search and matching as workers move between jobs.	Even a healthy labour market has search time because workers and jobs are heterogeneous and information is imperfect. A skilled worker interviewing for several suitable jobs is a typical course example.	Frictional unemployment is not caused by an economy-wide shortage of jobs.	1	unemployment-types
ch02-010	2	Structural unemployment	recall	What is structural unemployment?	Unemployment caused by a mismatch between workers’ skills/location and available jobs or by persistent labour-market structures.	Technological change, industry decline or geographic mismatch can leave workers unable to move quickly into available positions. It is part of the natural rate because it need not disappear at potential output.	A temporary layoff caused by recession is cyclical, not structural.	1	unemployment-types
ch02-011	2	Cyclical unemployment	recall	What is cyclical unemployment?	Unemployment associated with short-run aggregate economic downturns and negative output gaps.	When aggregate demand and output fall below potential, firms need fewer workers. This component rises in recessions and falls in booms.	Cyclical unemployment is excluded from the natural unemployment rate.	1	unemployment-types
ch02-012	2	Natural unemployment	formula	How is the natural rate of unemployment conceptually decomposed?	Natural unemployment = frictional unemployment + structural unemployment.	It is the unemployment consistent with normal utilisation of resources/potential output, not zero unemployment. Cyclical unemployment is the deviation from this natural benchmark.	“Full employment” in this course does not mean u = 0.	1	unemployment-types,natural-rate
ch02-013	2	Natural rate flows	formula	With constant labour force, job-separation rate s and job-finding rate f, what is the steady-state unemployment rate?	u* = s / (s + f).	In steady state, flows into unemployment equal flows out: sE = fU. Using E = LF - U and dividing by LF yields u* = s/(s+f). Higher finding rates lower the steady-state unemployment rate; higher separation rates raise it.	Do not use s/f without the +s in the denominator.	3	formula,natural-rate,flows
ch02-014	2	Natural rate flows	calculation	If s = 0.02 and f = 0.13, what is the steady-state unemployment rate?	0.02/(0.02+0.13) = 0.1333 = 13.33%.	At that rate the number separating from jobs exactly equals the number finding jobs. This is the chapter review example and is a likely compact MCQ calculation.	Rates must be in the same time units.	2	calculation,natural-rate
ch02-015	2	Labour-market flows	recall	How many possible directional flows are there among employment, unemployment and not-in-labour-force, excluding staying in the same state?	Six.	Each of the three states can send people to either of the other two: E→U, E→N; U→E, U→N; N→E, N→U. Recognising these flows helps explain why unemployment can change through participation as well as hiring/firing.	There are nine transitions if “stay put” transitions are included, but the question asks cross-state flows.	2	labour-force,flows
ch02-016	2	Potential output	recall	What is potential output Y*?	The level of aggregate production when labour and capital are utilised at normal, sustainable rates—roughly the economy’s long-run path.	Potential output is not a hard physical maximum. Actual output can temporarily exceed Y* if resources are used above normal intensity, creating an expansionary output gap.	Do not equate potential output with maximum possible output.	1	potential-output,definition
ch02-017	2	Output gap	formula	How is the percentage output gap defined?	Output gap = (Y - Y*) / Y* × 100%.	A negative gap means actual output is below potential; a positive gap means output is above potential. The course later links the gap to unemployment and inflation dynamics.	The denominator is potential output Y*, not actual output Y.	1	formula,output-gap
ch02-018	2	Okun’s law	formula	State the course’s Okun’s-law relationship between the output gap and cyclical unemployment.	(Y - Y*)/Y* × 100 = -β(u - u*), with β > 0.	A negative output gap corresponds to unemployment above its natural rate. The coefficient β measures how strongly output deviations are associated with cyclical unemployment.	The minus sign matters: output and cyclical unemployment move in opposite directions.	2	formula,Okun
ch02-019	2	Okun’s law	calculation	If the output gap is -2%, β = 2.5 and u* = 4%, what is u?	u - u* = 0.8 percentage points, so u = 4.8%.	From -2 = -2.5(u-u*), cyclical unemployment is +0.8 percentage points. Add it to the natural rate to obtain actual unemployment.	Keep percentage points and decimal fractions consistent.	2	calculation,Okun
ch02-020	2	Marginal product of labour	recall	What is the marginal product of labour (MPL)?	The additional output produced by one more unit of labour, holding other inputs such as capital fixed.	The course assumes diminishing MPL: extra workers still raise output, but by progressively smaller amounts when capital and technology are fixed. MPL is central to the firm’s labour-demand decision.	MPL is a change in output, not total output per worker.	1	MPL,labour-demand
ch02-021	2	Value of marginal product	formula	How is the value of the marginal product of labour calculated?	VMPL = p × MPL, where p is the firm’s output price.	VMPL converts the physical extra output from a worker into extra revenue. A profit-maximising competitive firm hires labour while the additional revenue is at least the wage cost.	Do not multiply MPL by the aggregate price level unless the firm’s output price is what is intended.	1	formula,VMPL
ch02-022	2	Firm labour demand	recall	What hiring rule determines a competitive firm’s labour demand?	Hire workers up to the point where the value of marginal product is approximately equal to the nominal wage: p×MPL = W.	If the next worker’s VMPL exceeds W, hiring them raises profit; if VMPL is below W, they cost more than the extra revenue they generate. Diminishing MPL gives a downward-sloping labour-demand schedule.	The rule is marginal, not “average product equals wage.”	2	labour-demand,marginal-analysis
ch02-023	2	Aggregate labour demand	formula	In aggregate real terms, what condition links labour demand to the real wage?	MPL ≈ W/P at the competitive margin.	When the firm’s output price moves with the aggregate price level, dividing p×MPL = W by P yields a real-wage condition. Because MPL falls as employment rises, labour demand slopes downward in real-wage/employment space.	The real wage is W/P, not W×P.	2	labour-demand,real-wage
ch02-024	2	Labour demand shift	scenario	What happens to a firm’s labour-demand curve if the relative price of its output falls?	Labour demand shifts left/inward.	A lower output price reduces VMPL at every employment level, making fewer workers profitable at any given wage. The equilibrium wage and employment at that firm tend to fall, other things equal.	This is a shift of labour demand, not a movement along it caused by a wage change.	2	shifts,labour-demand
ch02-025	2	Labour demand shift	scenario	What happens to labour demand if worker productivity/MPL rises?	Labour demand shifts right/outward.	Higher MPL raises the value produced by each worker and therefore raises VMPL. Firms are willing to employ more labour at any given real wage.	A productivity change shifts demand; a real-wage change moves along demand.	1	shifts,labour-demand
ch02-026	2	Labour supply shift	scenario	Several nearby plants close, releasing workers with similar skills. What happens to labour supply to the remaining plant?	It shifts right/outward.	More workers are available to the surviving employer at each wage. In the standard competitive diagram this tends to lower the equilibrium real wage and raise employment at the remaining plant.	This is a change in local labour supply, not labour demand.	2	shifts,labour-supply
ch02-027	2	Wage floor	scenario	What does a binding wage floor or union wage above the competitive equilibrium do in the simple labour-market model?	It reduces employment demanded and creates excess labour supply/unemployment.	At the higher real wage firms move up along their labour-demand curve and hire fewer workers, while more workers may wish to supply labour. The gap between supply and demand is unemployment in the model.	A wage floor below equilibrium is non-binding and has no effect.	1	wage-floor,unemployment
ch02-028	2	Labour tax wedge	scenario	In the course model, what is the effect of an income tax on workers on labour supply and the wage wedge?	Labour supply shifts up/left; employment falls; the wage paid by firms exceeds the after-tax wage received by workers.	For a given employer cost, workers keep less after tax, reducing willingness to work. The tax wedge is the difference between the real labour cost to firms and the real wage workers retain.	Do not assume the entire tax burden necessarily falls on workers; equilibrium incidence depends on supply and demand.	3	tax,labour-market
ch02-029	2	Nominal vs real wage	scenario	If the price level and money wage both double, what happens to the real wage and labour demanded, other things equal?	The real wage W/P is unchanged, so labour demanded is unchanged.	Doubling numerator and denominator leaves W/P constant. The chapter review uses this to test whether you distinguish nominal from real variables.	A doubled money wage alone would raise the real wage if P did not also double.	1	nominal-real,labour-demand
ch02-030	2	Structural change	scenario	Self-service technology permanently displaces checkout workers whose skills do not match available jobs. Which unemployment component is most likely to rise persistently?	Structural unemployment.	The key is persistent mismatch. There can be some short-lived frictional unemployment during normal search, but prolonged inability to match skills to jobs raises structural unemployment and therefore the natural rate.	Technology-induced job loss is not automatically cyclical unemployment.	2	unemployment-types,scenario
ch02-031	2	Recession and unemployment	contrast	In the course’s basic definitions, how should a recession affect the natural and cyclical unemployment rates?	Cyclical unemployment rises; the natural rate is conceptually unchanged by the recession itself.	The natural rate is defined as frictional plus structural unemployment. A recession creates a negative output gap and increases the cyclical component, although prolonged recessions could in reality have longer-run structural effects.	For exam purposes use the model’s definition unless the question explicitly introduces hysteresis or structural change.	2	recession,unemployment
ch03-001	3	Nominal interest	recall	What does a nominal interest rate measure?	The percentage increase in the number of dollars (or units of currency) promised over the period.	A nominal return tells you how many more dollars you receive, but not how purchasing power changes. To get the real return, adjust for inflation over the same period.	Do not subtract inflation when the question asks specifically for the nominal rate.	1	interest-rates,nominal-real
ch03-002	3	Gross vs net interest	formula	If the net nominal interest rate is i, what is the gross interest rate?	1 + i.	If $1 grows to $(1+i), the net rate is i and the gross growth factor is 1+i. Many multi-period formulas use gross rates because they compound multiplicatively.	A 5% rate means i=0.05 and gross rate 1.05, not 5.	1	interest-rates,formula
ch03-003	3	Exact real interest	formula	What is the exact relationship between nominal interest i, inflation π and the realized real interest rate r?	1 + r = (1 + i)/(1 + π), so r = (1+i)/(1+π) - 1.	The real rate compares how the nominal payoff changes relative to the price level. The familiar subtraction r ≈ i - π is a close approximation for modest rates.	The exact formula is multiplicative, not simply i-π.	2	interest-rates,formula
ch03-004	3	Approximate real interest	formula	What is the common approximation for the real interest rate?	r ≈ i - π.	For small percentage rates, the interaction term is tiny. Use actual inflation for an ex-post real rate and expected inflation for an ex-ante/expected real rate.	Match actual versus expected inflation to the wording of the question.	1	interest-rates,formula
ch03-005	3	Ex-post vs expected real rate	contrast	What is the difference between ex-post and expected real interest rates?	Ex-post uses actual inflation after the fact; expected real interest uses expected inflation known when the decision is made.	Investment and saving decisions generally depend on the expected real rate because future inflation is unknown at the time. Unexpected inflation creates a gap between expected and realized real returns.	Do not use realized inflation to describe the rate a decision-maker expected beforehand.	2	interest-rates,expectations
ch03-006	3	Fisher effect	formula	State the Fisher effect used in the course.	i ≈ r + πᵉ; if the equilibrium real rate is fixed, expected inflation raises the nominal interest rate roughly one-for-one.	The Fisher effect links nominal rates to expected inflation, not necessarily current realized inflation. With r fixed at 2%, expected inflation of 4% implies nominal i ≈ 6%.	It is expected inflation πᵉ that belongs in the ex-ante Fisher relation.	1	Fisher-effect,formula
ch03-007	3	Fisher effect	calculation	A deposit pays 1.75% nominal and a saver expects a 1.5% real return. What expected inflation is consistent with the approximate Fisher effect?	0.25%.	From i = r + πᵉ, πᵉ = 1.75% - 1.5% = 0.25%. This is exactly the style of compact numerical question used in the chapter review.	Subtract the real rate from the nominal rate, not vice versa.	1	calculation,Fisher-effect
ch03-008	3	Zero lower bound	scenario	If a nominal rate is stuck at zero and expected inflation becomes more negative, what happens to the expected real rate?	It rises.	Using r ≈ i - πᵉ with i=0, r≈-πᵉ. More expected deflation therefore makes borrowing more expensive in real terms, which can weaken spending during a downturn.	Deflation can tighten real monetary conditions even when nominal rates cannot be cut further.	2	interest-rates,deflation
ch03-009	3	Investment definition	recall	What does investment mean in macroeconomics?	Expenditure on newly produced capital goods plus inventory accumulation.	It includes business fixed capital, residential construction and inventories. It is a real expenditure concept, distinct from acquiring an existing financial asset.	Buying shares is financial saving, not macroeconomic investment I.	1	investment,definition
ch03-010	3	Capital stock	contrast	Why is investment a flow while capital is a stock?	Investment is measured over a period; the capital stock is measured at a point in time.	Flows change stocks. Gross investment adds to the capital stock during a period while depreciation removes part of the existing stock.	Never add a stock measured on a date directly to a flow measured per year without a stock-flow equation.	1	stock-flow,investment
ch03-011	3	Capital accumulation	formula	State the capital accumulation equation.	K₁ = K₀ + I - δK₀ = (1-δ)K₀ + I.	The ending stock equals surviving old capital plus gross investment. Here δK₀ is physical depreciation during the period.	Some extracted course text contains a typo with a plus sign before depreciation; the lectures and economic logic use subtraction.	1	capital,formula
ch03-012	3	Net investment	formula	How is net investment defined?	Net investment = gross investment I - depreciation δK.	Positive net investment raises the capital stock; zero net investment keeps it constant; negative net investment means the capital stock shrinks.	Gross investment can be positive while net investment is negative if depreciation is larger.	1	investment,formula
ch03-013	3	Capital accumulation	calculation	K₀=100, I=20 and K₁=115. What depreciation rate δ is implied?	5%.	115 = 100 + 20 - δ×100, so depreciation is 5 and δ=0.05. This calculation can also be reversed to find investment or the ending stock.	Use depreciation on the beginning capital stock for this one-period equation.	2	calculation,capital
ch03-014	3	Marginal product of capital	recall	What is the marginal product of capital (MPK)?	The increase in output from one additional unit of capital, holding other inputs fixed.	As with labour, the course typically assumes a positive but diminishing marginal product. This creates a ranking of investment projects from high to low marginal benefit.	MPK is a physical output increment, not a dollar return.	1	investment,MPK
ch03-015	3	Value of marginal product of capital	formula	How do you calculate VMPK?	VMPK = p × MPK.	Multiplying the extra physical output by its sale price gives the extra revenue benefit from another unit of capital. Firms compare this benefit with the user cost of capital.	Compare VMPK to a dollar user cost, not to the interest rate alone unless units have already been normalised.	1	investment,formula
ch03-016	3	User cost of capital	recall	What is the user cost of capital intuitively?	The economic cost of owning and using a capital good for a period, including financing/opportunity cost, depreciation and any resale-price change.	The purchase price alone is not the one-period cost because the firm still owns a depreciated asset at the end. The exact course formula subtracts the resale value of the depreciated capital good.	Do not equate user cost with the sticker price of the capital good.	2	investment,user-cost
ch03-017	3	User cost of capital	formula	State the exact one-period user-cost formula from the course.	UC = P_K + iP_K - (1-δ)(P_K + ΔP_K).	The firm pays the purchase price and financing/opportunity cost, then recovers the market value of the remaining depreciated asset at period end. This exact formula simplifies to a useful approximation.	The final resale term is subtracted because it is value the firm retains.	3	investment,formula,user-cost
ch03-018	3	User cost approximation	formula	What is the approximate user cost if capital-goods prices rise at the general inflation rate?	UC ≈ P_K(r + δ), or in rate form uc ≈ r + δ.	Starting from UC ≈ P_K[i + δ - ΔP_K/P_K], replacing capital-price inflation by π gives i-π=r. Thus a higher real interest rate or depreciation rate raises the cost of holding capital.	Use the real rate in the simplified formula, not the nominal rate plus inflation.	2	investment,formula,user-cost
ch03-019	3	Investment decision	recall	What marginal condition guides a firm’s investment decision?	Undertake an additional unit of investment if its expected VMPK is at least as large as its user cost.	If marginal benefit exceeds marginal cost, the investment raises expected profit. Diminishing MPK means the firm stops once the next unit no longer covers its user cost.	This is a marginal rule; sunk costs should not determine the next-unit decision.	2	investment,marginal-analysis
ch03-020	3	Investment demand	relationship	Why does desired investment slope downward with the real interest rate?	A higher real rate raises the user cost of capital, so fewer prospective investments have VMPK high enough to justify undertaking them.	This gives I(r) a negative slope. A fall in r causes a movement along the investment schedule toward more investment.	A change in expected profitability or productivity shifts the investment curve; r itself causes movement along it.	1	investment,shifts
ch03-021	3	Household saving	formula	What is household saving in the course national-accounts framework?	Household saving S_h = disposable income Y_D - consumption C.	The textbook defines Y_D from household receipts net of taxes and retained earnings: Y_D = Y - TA + TR + INT - RE under its notation. Household saving is a flow that can add to net wealth.	Do not confuse national income Y with household disposable income when taxes/transfers are present.	2	saving,formula
ch03-022	3	Wealth	formula	How is net wealth defined?	Net wealth = assets - liabilities.	Wealth is a stock measured at a point in time. It can rise through saving or through capital gains on existing assets, so a change in wealth is not the same thing as saving.	A rise in house prices can raise measured wealth without any current saving.	1	wealth,stock-flow
ch03-023	3	Wealth dynamics	formula	How does the course decompose the change in household wealth?	ΔW = saving + net capital gains.	Saving is the part arising from income not consumed; capital gains revalue existing assets. This explains why wealth-based and income-based measures of “saving” can differ.	Do not count an asset-price gain as national-account saving.	2	wealth,formula
ch03-024	3	Life-cycle saving	recall	What is the basic life-cycle idea of household saving?	People use saving and borrowing to smooth consumption across periods in which income differs.	A household may borrow or save little when young, save during high-earning years and run down assets in retirement. Current saving therefore depends on expected lifetime resources, not only current income.	High current income does not imply the household wants current consumption to move one-for-one with income.	2	saving,life-cycle
ch03-025	3	Saving and real rates	relationship	In the course’s simple saving model, how does household saving respond to a higher real interest rate?	Household saving rises; the saving schedule slopes upward.	A higher r raises the opportunity cost of current consumption relative to future consumption, generating a substitution toward saving. The course abstracts from ambiguous income effects and uses a positive aggregate relationship.	For exam purposes follow the course’s upward-sloping saving schedule even though richer models can have ambiguous effects.	2	saving,interest-rates
ch03-026	3	Public saving	formula	How is public saving/budget balance defined in Chapter 3 notation?	Public saving = T - G, where T = tax receipts - transfers - government interest payments.	A positive value is a budget surplus and adds to national saving; a negative value is a budget deficit and reduces national saving.	Do not include transfers or interest payments in G; they enter net taxes T in this notation.	1	saving,government,formula
ch03-027	3	National saving	formula	How is national saving decomposed?	National saving = private saving + public saving = household saving + business saving + public saving.	In a closed economy national saving is the pool of domestic resources available to finance investment. Retained earnings are business saving.	National saving is not simply household saving.	1	saving,formula
ch03-028	3	Closed-economy equilibrium	recall	What condition determines the real interest rate in the closed-economy saving-investment model?	National saving equals investment: NS(r) = I(r).	The real interest rate is the relative price that adjusts to clear the market for saving and investment. NS slopes upward and I slopes downward in the course model.	Do not treat r as fixed in this Chapter 3 model; it is the endogenous equilibrating variable.	1	saving-investment,equilibrium
ch03-029	3	Crowding out	scenario	What happens in the closed-economy model when the government budget deficit increases, other things equal?	National saving shifts left, the equilibrium real interest rate rises, and private investment falls.	The fall in public saving reduces the supply of national saving. The higher r restores NS=I by inducing more household saving and, crucially, less investment. The reduction in private investment is crowding out.	The deficit does not directly shift the investment curve in this model.	2	crowding-out,fiscal
ch03-030	3	Investment slump	scenario	What happens if desired investment falls exogenously in the closed-economy saving-investment model?	The investment curve shifts left; the equilibrium real interest rate falls and equilibrium saving/investment falls.	A weaker demand for investment funds lowers the relative price r. Because the saving schedule slopes upward, the lower r also reduces national saving until it equals the new lower investment level.	Do not say saving is fixed: household saving responds to r in this model.	2	investment,shifts
ch03-031	3	Saving vs investment	scenario	You use a tax refund to buy existing Rio Tinto shares. Is that macroeconomic saving or investment?	Saving, not macroeconomic investment.	You are acquiring an existing financial asset rather than financing the current production of a new capital good. The course repeatedly tests ordinary-language “investment” against the national-accounts definition.	Financial investment is not I in GDP.	1	classification,saving-investment
ch03-032	3	Saving vs investment	scenario	A household buys a newly built house using a mortgage. How is this classified?	The new house is investment expenditure; taking on the mortgage is negative saving/dissaving for the household.	Residential construction is included in macroeconomic investment even though households purchase it. Borrowing finances the acquisition by increasing liabilities.	An existing-house sale would not itself be current investment.	2	classification,saving-investment
ch04-001	4	Keynesian model assumption	recall	What key short-run assumption makes planned aggregate expenditure able to determine real GDP in the income-expenditure model?	Prices are fixed or sticky in the short run, so firms respond to unexpected demand by changing production rather than instantly changing prices.	If prices fully adjusted to clear all markets immediately, expenditure shocks would not translate into the same short-run quantity adjustments. Sticky prices are therefore the bridge from changes in desired spending to changes in real output.	Do not carry this fixed-price assumption into the later AD-AS model without qualification.	1	Keynesian-model,assumption
ch04-002	4	Actual vs planned expenditure	contrast	What is the difference between actual aggregate expenditure AE and planned aggregate expenditure PAE?	AE includes actual inventory investment, including unplanned inventory changes; PAE contains desired/planned spending, including planned inventory investment.	Because the national accounts identity makes actual expenditure equal actual output, AE=Y by construction. PAE need not equal Y away from equilibrium, and the difference shows up as unplanned inventory accumulation or depletion.	The equilibrium condition is PAE=Y, not “AE=Y,” because AE=Y is always true ex post.	2	PAE,inventories
ch04-003	4	PAE identity	formula	Write planned aggregate expenditure in the general open-economy form used in the course.	PAE = C + Iᴾ + G + X - M.	Iᴾ is planned investment. In the two-sector model G, X and M are omitted; later chapters progressively add them back.	Use planned investment Iᴾ in behavioural equilibrium equations, not actual I when unplanned inventories may occur.	1	PAE,formula
ch04-004	4	Short-run equilibrium	formula	What is the short-run equilibrium condition in the income-expenditure model?	Y = PAE.	At equilibrium firms sell exactly the amount they planned to sell, so there is no unintended change in inventories prompting output adjustment. Graphically this is the intersection of the PAE curve with the 45-degree line.	Y=AE is an accounting identity; Y=PAE is the behavioural equilibrium condition.	1	equilibrium,PAE
ch04-005	4	Disequilibrium inventories	scenario	If PAE < Y, what happens to inventories and what should firms do next?	There is an unplanned accumulation of inventories, so firms reduce production/output.	Actual production exceeds desired purchases. Unsold goods pile up as unintended inventory investment, signalling firms to cut output until Y moves toward PAE.	PAE<Y does not mean actual expenditure is less than GDP ex post; the inventory accumulation makes AE=Y.	1	inventories,disequilibrium
ch04-006	4	Disequilibrium inventories	scenario	If PAE > Y, what happens to inventories and what should firms do next?	Inventories are unintentionally depleted, so firms increase production/output.	Desired purchases exceed current production, so firms meet some demand by drawing down stocks. The unexpected inventory fall signals that production is too low.	A decline in inventories can be positive evidence of excess demand rather than weak demand, depending on whether it was planned.	1	inventories,disequilibrium
ch04-007	4	Consumption function	formula	State the simple two-sector consumption function.	C = C₀ + cY.	C₀ is autonomous consumption and c is the marginal propensity to consume (MPC), with 0<c<1. With no government sector, disposable income equals national income Y.	Once taxes are introduced, consumption depends on disposable income Y-T rather than simply Y.	1	consumption,formula
ch04-008	4	MPC	recall	What is the marginal propensity to consume (MPC)?	The increase in consumption caused by a one-unit increase in disposable income; in C=C₀+cYᴰ it is c.	If c=0.6, an extra $100 of disposable income raises consumption by $60. The remainder is marginal saving in the simple model.	MPC is a marginal change, not C/Y.	1	consumption,MPC
ch04-009	4	APC	formula	How is the average propensity to consume (APC) defined?	APC = C / Yᴰ.	Unlike the MPC, APC generally changes with income when autonomous consumption C₀ is nonzero. For C=C₀+cYᴰ, APC=C₀/Yᴰ+c and tends toward c as income grows.	Do not confuse APC with the slope of the consumption function.	2	consumption,APC
ch04-010	4	Autonomous vs induced expenditure	contrast	What is autonomous expenditure versus induced expenditure?	Autonomous expenditure does not depend on current Y; induced expenditure changes with Y.	In a simple PAE curve, the intercept collects autonomous components such as C₀ and Iᴾ, while cY is induced consumption. In open/government models taxes and imports change the induced slope as well.	“Exogenous” and “autonomous” are closely related here, but an exogenous variable can enter a behavioural equation in more than one way.	2	PAE,terminology
ch04-011	4	Two-sector equilibrium	formula	For C=C₀+cY and planned investment Iᴾ=I₀, what is equilibrium GDP?	Yᵉ = (C₀ + I₀)/(1-c).	Set Y=C₀+cY+I₀ and collect Y terms: (1-c)Y=C₀+I₀. The denominator is the leakage into saving from each extra dollar of income.	Do not forget to divide the entire autonomous-expenditure sum by 1-c.	2	equilibrium,formula
ch04-012	4	Multiplier	formula	What is the two-sector income-expenditure multiplier?	k = 1/(1-c).	A one-unit rise in autonomous spending first raises output by one, then induces c more consumption, then c², and so on. The geometric series sums to 1/(1-c).	The multiplier is larger when MPC c is larger, not smaller.	1	multiplier,formula
ch04-013	4	Multiplier	calculation	If c=0.6 and autonomous planned investment rises by 20, what is ΔY?	Multiplier = 1/(1-0.6)=2.5, so ΔY=50.	The first round is +20 output, the next induced-consumption round is +12, then +7.2, etc. Summing all rounds gives 20×2.5=50.	Do not stop after the first-round spending change.	1	calculation,multiplier
ch04-014	4	Multiplier process	recall	Why does an autonomous expenditure change have a multiplied effect on equilibrium GDP?	One person’s spending becomes another person’s income, part of which is spent again, creating successive induced-expenditure rounds.	Each round is smaller because only the MPC fraction is respent. Leakages such as saving, taxes and imports determine how quickly the process dies out.	The multiplier does not create unlimited output; with 0<c<1 the geometric series converges.	2	multiplier,intuition
ch04-015	4	45-degree diagram	recall	What does the 45-degree line represent in the income-expenditure diagram?	All points where planned/actual expenditure on the vertical axis equals output Y on the horizontal axis.	Its slope is one because the same unit is measured on both axes. The equilibrium is where the PAE curve intersects this line.	The 45-degree line is not the PAE curve itself.	1	graph,PAE
ch04-016	4	PAE shift	scenario	What happens to the PAE curve and equilibrium Y if planned investment falls exogenously?	PAE shifts downward by the investment fall; equilibrium Y falls by the change times the multiplier.	Investment is autonomous in the basic model, so its change alters the PAE intercept rather than the slope. Inventory disequilibrium starts the adjustment process.	Do not move along a fixed PAE curve when an autonomous component changes.	1	shifts,PAE
ch04-017	4	Saving function	formula	Derive the two-sector saving function from C=C₀+cY.	S = Y - C = -C₀ + (1-c)Y.	Autonomous consumption implies negative saving at sufficiently low income. The marginal propensity to save is 1-c in this simple no-government model.	The intercept of saving is -C₀, not +C₀.	2	saving,formula
ch04-018	4	Saving-investment equilibrium	formula	What is the equivalent equilibrium condition in the two-sector model expressed using saving?	S = Iᴾ.	Starting from Y=C+Iᴾ and subtracting C from both sides gives Y-C=Iᴾ, and Y-C is saving. This is the same equilibrium as PAE=Y, expressed as leakages equal injections.	This Chapter 4 equality determines Y given planned investment; Chapter 3 uses NS=I to determine r. Same accounting relation, different model closure.	2	equilibrium,saving-investment
ch04-019	4	Paradox of thrift	recall	What is the paradox of thrift in the basic Keynesian model?	If everyone tries to save more by cutting autonomous consumption, equilibrium income falls, and aggregate saving may fail to rise.	A fall in C₀ shifts PAE down and reduces Y through the multiplier. In the two-sector equilibrium, actual saving must still equal fixed planned investment, so the collective attempt to save more does not raise aggregate equilibrium saving.	Individual prudence need not aggregate to higher total saving when income is endogenous.	2	paradox-of-thrift,saving
ch04-020	4	Open economy imports	formula	How are imports modelled in the simple open-economy income-expenditure model?	M = mY, where m is the marginal propensity to import.	As domestic income rises, residents buy more imports, creating a leakage from spending on domestic production. This reduces the slope of PAE relative to a closed economy.	Imports are subtracted in PAE because they are expenditure on foreign output.	1	open-economy,imports
ch04-021	4	Open-economy PAE	formula	With C=C₀+cY, Iᴾ=I₀, X=X₀ and M=mY, what is PAE?	PAE = C₀ + I₀ + X₀ + (c-m)Y.	Exports and planned investment are autonomous injections; induced consumption raises PAE with Y while induced imports reduce spending on domestic output.	The slope is c-m, not c+m.	2	open-economy,PAE
ch04-022	4	Open-economy multiplier	formula	What is the multiplier in the simple open economy with no government?	k = 1/(1-c+m).	Imports add another leakage. Compared with the two-sector multiplier 1/(1-c), a positive m makes the denominator larger and the multiplier smaller.	The import term enters the denominator with a plus sign because M is subtracted from expenditure.	2	open-economy,multiplier
ch04-023	4	Open-economy equilibrium	formula	What leakage-injection condition is equivalent to equilibrium in the open economy with no government?	S + M = Iᴾ + X.	Saving and imports are leakages from the domestic expenditure stream; planned investment and exports are injections. Equality is algebraically equivalent to Y=PAE.	Net exports alone are not the full injection side; use X explicitly in this leakage-injection form.	2	open-economy,equilibrium
ch04-024	4	Open economy	calculation	C=200+0.6Y, Iᴾ=80, X=60 and M=0.1Y. Find equilibrium Y.	PAE=340+0.5Y, so Y=680.	Set Y=200+0.6Y+80+60-0.1Y. Then 0.5Y=340. The multiplier is 1/(1-0.6+0.1)=2.	Combine induced terms carefully: 0.6Y-0.1Y=0.5Y.	2	calculation,open-economy
ch04-025	4	Output adjustment	scenario	At Y=800, PAE=790. What is the unplanned inventory change and expected direction of Y?	Unplanned inventory accumulation is 10; firms are expected to reduce Y.	Because production exceeds planned spending by 10, the unsold output becomes unintended inventories. Firms respond by cutting production until PAE=Y.	The sign of unplanned inventory investment is Y-PAE here, not PAE-Y.	2	calculation,inventories
ch04-026	4	Parameters and variables	recall	In C=100+0.8Y and Iᴾ=50, identify a parameter, an exogenous variable and an endogenous variable.	0.8 (and 100) are parameters; Iᴾ=50 is exogenous; Y and C are endogenous in the model.	Parameters specify behavioural relationships; exogenous variables are taken as given; endogenous variables are solved within the model. The course often asks this classification before algebra.	A constant can be a parameter or an exogenous variable depending on what it represents; interpret the model, not just the number.	2	models,terminology
ch04-027	4	Multiplier size	relationship	What happens to the multiplier when the MPC rises, all else equal?	It rises.	With a larger c, less of each extra dollar leaks into saving and more is respent, so the chain of induced expenditure decays more slowly. Algebraically 1/(1-c) increases as c increases.	A high MPC makes the economy more responsive to autonomous spending shocks.	1	multiplier,comparative-statics
ch04-028	4	Multiplier size	relationship	What happens to the open-economy multiplier when the marginal propensity to import m rises?	It falls.	More of each extra dollar of income leaks into imported goods rather than demand for domestic output. In k=1/(1-c+m), a larger m increases the denominator.	Imports are a leakage, so greater import responsiveness dampens domestic multiplier effects.	1	multiplier,open-economy
ch04-029	4	PAE vs GDP identity	exam-trap	Why can actual aggregate expenditure equal GDP even when the economy is not in income-expenditure equilibrium?	Because unplanned inventory investment adjusts ex post so that actual expenditure equals the value of output; equilibrium additionally requires planned expenditure to equal output.	This distinction is one of the most testable conceptual traps in Chapter 4. Disequilibrium is revealed by unintended inventories, not by a violation of the national-accounts identity.	Never say AE≠Y as the definition of disequilibrium in this model.	3	exam-trap,PAE
ch05-001	5	Fiscal policy	recall	What is fiscal policy in this course?	Government decisions about purchases/spending, taxes and transfers that affect aggregate economic activity and the budget.	In the income-expenditure model, G affects planned expenditure directly while taxes and transfers affect it indirectly through disposable income and consumption. Fiscal policy can be discretionary or operate automatically through existing rules.	Do not confuse fiscal policy with RBA interest-rate policy, which is monetary policy.	1	fiscal-policy,definition
ch05-002	5	Tax function	formula	State the tax function used in the three-sector model.	T = T₀ + tY.	T₀ is autonomous net tax revenue and t is the marginal tax rate. Because some taxes rise and some transfers fall automatically as income rises, net taxes are positively related to GDP.	t is a marginal rate, not the average tax rate T/Y.	1	tax,formula
ch05-003	5	Marginal vs average tax rate	contrast	How do the marginal and average tax rates differ in T=T₀+tY?	Marginal tax rate = t; average tax rate = T/Y = T₀/Y + t.	The marginal rate tells you how much extra tax is generated by one more unit of income. The average rate depends on the level of Y whenever T₀ is nonzero.	Do not read T₀ as a tax rate; it is an autonomous dollar amount.	2	tax,terminology
ch05-004	5	Consumption with taxes	formula	Substitute T=T₀+tY into C=C₀+c(Y-T). What consumption function results?	C = C₀ - cT₀ + c(1-t)Y.	Only after-tax income induces consumption. The effective MPC out of national income is c(1-t), smaller than the MPC c out of disposable income.	The course review has a likely typo in one bracketed answer; algebraically the MPC out of disposable income is c, while out of Y it is c(1-t).	2	consumption,tax,formula
ch05-005	5	Three-sector PAE	formula	What is PAE in the closed three-sector model with taxes?	PAE = [C₀ - cT₀ + I₀ + G₀] + c(1-t)Y.	The bracketed term is autonomous expenditure. The slope is c(1-t), reflecting the fact that taxes siphon off part of each extra unit of income before it can generate consumption.	Do not add T directly to PAE; taxes influence C through disposable income.	2	PAE,fiscal,formula
ch05-006	5	Three-sector equilibrium	formula	What is equilibrium GDP in the closed three-sector model?	Yᵉ = [C₀ - cT₀ + I₀ + G₀] / [1 - c(1-t)].	Set Y=PAE and collect induced expenditure on the left. Compared with the two-sector model, the proportional tax rate makes the multiplier smaller.	Keep the whole autonomous bracket in the numerator.	2	equilibrium,fiscal,formula
ch05-007	5	Government spending multiplier	formula	What is the government expenditure multiplier in the closed three-sector model?	k_G = 1 / [1 - c(1-t)].	An extra dollar of G enters PAE dollar-for-dollar in the first round, then creates induced consumption in later rounds. The automatic tax response reduces those subsequent rounds.	k_G is not always the simple 1/(1-c) once t>0.	1	fiscal-multiplier,formula
ch05-008	5	Autonomous tax multiplier	formula	What is the autonomous tax multiplier?	k_T = -c / [1 - c(1-t)].	A $1 increase in autonomous taxes reduces disposable income by $1 but cuts first-round consumption only by c dollars, so its impact is smaller in absolute value than the G multiplier. A tax cut therefore raises Y.	The sign is negative for a tax increase. A transfer increase has the opposite sign because it raises disposable income.	2	fiscal-multiplier,formula
ch05-009	5	Fiscal multiplier comparison	recall	Why is |k_T| smaller than k_G?	Because a change in G affects PAE one-for-one initially, whereas a tax change affects PAE only through the fraction c of disposable-income change that households consume.	Algebraically |k_T| = c k_G and 0<c<1. This is why equal-sized spending and tax changes need not offset each other.	Do not assume a $100 tax cut and $100 G increase have identical GDP effects.	1	fiscal-multiplier,intuition
ch05-010	5	Balanced-budget multiplier	formula	What is the balanced-budget multiplier when ΔG₀=ΔT₀ in this model?	k_BB = (1-c)/[1 - c(1-t)] = k_G + k_T.	The spending increase raises PAE by the full ΔG, while the equal tax increase initially reduces consumption only by cΔT. The net first-round injection is (1-c)ΔG, which is then multiplied.	It equals 1 only in the special case t=0; with proportional taxes it can be less than 1.	3	fiscal-multiplier,balanced-budget
ch05-011	5	Balanced-budget multiplier	calculation	If c=0.8 and t=0.3, what is k_BB?	(1-0.8)/[1-0.8(0.7)] = 0.2/0.44 ≈ 0.45.	The textbook uses this example to show that the claim “balanced-budget multiplier equals one” is not generally true once proportional taxes are present.	Do not use k_G-k_T with k_T treated as a positive magnitude; k_T already carries a negative sign.	2	calculation,balanced-budget
ch05-012	5	Automatic stabilisers	recall	What is an automatic fiscal stabiliser?	A tax or transfer rule that changes with economic activity and dampens fluctuations without a new discretionary policy decision.	When Y falls, tax receipts fall and some transfers rise, supporting disposable income; when Y rises, the reverse occurs. In the model, a positive t lowers the multiplier and therefore dampens autonomous shocks.	Automatic does not mean instantaneous perfection; it means no new legislation or one-off decision is required for the response.	1	automatic-stabiliser,fiscal
ch05-013	5	Automatic stabilisers	relationship	Why does a higher marginal tax rate t reduce the income-expenditure multiplier?	It makes a larger fraction of each extra dollar of income leak into net taxes, so less becomes induced consumption.	In k=1/[1-c(1-t)], a larger t reduces c(1-t), increases the denominator and lowers k. This is the algebraic stabilisation mechanism.	The stabilising effect concerns the response to shocks, not necessarily the desirability of any tax rate.	2	automatic-stabiliser,multiplier
ch05-014	5	Discretionary fiscal policy	recall	What is discretionary fiscal policy?	A deliberate change in fiscal instruments—such as G, autonomous taxes or transfers—in response to actual or expected economic conditions.	Unlike automatic stabilisers, discretionary actions require diagnosis, design, political approval and implementation. These lags can make timing difficult.	Do not call the normal cyclical fall in tax receipts a discretionary tax cut.	1	discretionary-policy,fiscal
ch05-015	5	Fiscal policy lags	recall	Why can discretionary fiscal stabilisation be poorly timed?	Recognition, decision/legislative, implementation and economic-effect lags can mean the policy arrives after conditions have changed.	The Chapter 8 tutorial revisits this with a delayed tax cut that can become expansionary after the recession has already ended. Policy timing is therefore part of the exam-style reasoning, not just multiplier arithmetic.	A policy can be directionally sensible when announced yet destabilising when it actually hits the economy.	2	fiscal-policy,lags
ch05-016	5	Fiscal policy and output gap	scenario	How can fiscal policy close a contractionary output gap in the income-expenditure model?	Shift PAE upward using higher G, lower autonomous taxes, or higher transfers by enough that new equilibrium Y equals Y*.	The required instrument change equals the desired ΔY divided by the relevant fiscal multiplier. The choice of instrument matters because spending and tax multipliers differ.	Use the gap in levels for multiplier arithmetic unless the question explicitly works in percentages.	2	output-gap,fiscal-policy
ch05-017	5	Fiscal policy and output gap	scenario	How should contractionary fiscal policy affect an expansionary output gap?	Lower G and/or raise taxes/reduce transfers to shift PAE down and reduce equilibrium Y toward Y*.	An expansionary gap means demand/output is above sustainable potential. Contractionary fiscal policy reduces autonomous demand.	“Expansionary gap” describes the state of the economy, not the policy response you should use.	1	output-gap,fiscal-policy
ch05-018	5	Budget balance	formula	How is the government budget balance BB defined in the textbook notation?	BB = T - G, where T is tax revenue net of transfers and government interest payments.	BB>0 is a surplus; BB<0 is a deficit. In expanded notation, BB = tax receipts - transfers - interest - government purchases.	Government interest payments reduce the budget balance even though they are not part of G in GDP.	1	budget,formula
ch05-019	5	Primary budget balance	recall	What is the primary budget balance?	The budget balance excluding interest payments on existing government debt.	"Using tax receipts 	ilde T, transfers TR and purchases G, PBB = 	ilde T - G - TR. It isolates the current fiscal stance from the inherited cost of servicing past debt."	A government can have a primary surplus but an overall deficit if interest payments are large.	2	budget,public-debt
ch05-020	5	Debt stock and deficit flow	contrast	Why are the budget deficit and public debt different concepts?	The deficit/surplus is a flow over a period; public debt is a stock at a point in time.	A deficit adds to the debt stock, while a surplus reduces it. This stock-flow distinction is repeatedly tested throughout the course.	A large debt does not imply the current-year budget is necessarily in deficit.	1	stock-flow,public-debt
ch05-021	5	Debt dynamics	formula	What is the simple government debt accumulation identity?	D_t = D_{t-1} - BB_t.	Because a deficit has BB<0, subtracting it increases debt. A surplus has BB>0 and therefore reduces debt.	The sign convention makes deficits negative budget balances.	1	public-debt,formula
ch05-022	5	Government budget constraint	formula	State the expanded government budget constraint.	"G_t + TR_t + rD_{t-1} = 	ilde T_t + (D_t - D_{t-1})."	Current purchases, transfers and real interest payments must be financed by tax revenue or new borrowing. It is an accounting constraint on government funding, not a claim that every government should balance its budget each period.	Borrowing is a financing source on the right-hand side, not revenue from production.	3	public-debt,formula
ch05-023	5	Debt financing	recall	How does a government normally finance a budget deficit in this framework?	By issuing new government bonds/borrowing, which increases the stock of public debt.	The government can borrow from domestic or foreign private sectors; direct central-bank financing is treated separately and historically has greater inflation risk when used persistently at large scale.	Deficit spending and “printing money” are not synonymous in the standard setup.	2	public-debt,financing
ch05-024	5	Debt-to-GDP ratio	recall	Why is debt-to-GDP often more informative than the dollar level of debt?	It scales the debt burden by the economy’s capacity to generate income/output.	The same dollar debt is easier to service in a much larger economy. Sustainability analysis therefore focuses on d=D/Y rather than D alone.	A rising nominal debt can coexist with a stable or falling debt-to-GDP ratio if GDP grows sufficiently fast.	1	public-debt,ratio
ch05-025	5	Debt sustainability	formula	What approximate relation drives changes in the debt-to-GDP ratio in the textbook?	Δd = [(r-g)/(1+g)] d_{t-1} - pbb_t.	The existing debt ratio tends to rise if the real interest rate exceeds real GDP growth, unless offset by a primary surplus. Faster growth and lower interest rates make stabilisation easier.	pbb is the primary balance as a share of GDP; a primary surplus is positive and lowers Δd.	3	public-debt,sustainability,formula
ch05-026	5	Debt stabilisation	scenario	If r>g and the government runs a zero primary balance, what happens to the debt-to-GDP ratio?	It rises.	Interest compounds the existing debt faster than the denominator GDP grows. To hold the ratio constant when r>g, the government generally needs a primary surplus.	Zero overall deficit and zero primary deficit are different once interest payments exist.	2	public-debt,sustainability
ch05-027	5	Debt stabilisation	scenario	If g>r, how does that affect the primary balance required to stabilise debt/GDP?	It makes stabilisation easier; the government may be able to run some primary deficit while keeping the ratio stable.	When growth outpaces the real interest rate, the existing debt stock shrinks relative to GDP mechanically. The exact allowable primary deficit depends on the starting debt ratio and the r-g gap.	This does not mean deficits are costless or unlimited.	3	public-debt,sustainability
ch05-028	5	Public debt costs	recall	Name the three broad concerns about high public debt emphasised in the textbook.	Potential effects on economic growth, crowding out of private investment through higher interest rates, and intergenerational equity.	The text also stresses that empirical growth thresholds are contested. The conceptual mechanisms matter more for an introductory MCQ than memorising a particular disputed threshold.	Do not treat a specific debt/GDP threshold as an iron economic law.	2	public-debt,costs
ch05-029	5	Golden rule	recall	What is the fiscal “golden rule” discussed in the textbook?	Finance current government consumption from current taxes, but borrowing can be justified for productive long-lived public investment that benefits future generations.	The intergenerational logic is “pay as you use”: future taxpayers who receive some of the infrastructure’s benefits also bear some of its financing cost.	The rule does not say all government borrowing is good; it links borrowing to durable investment benefits.	2	public-debt,fiscal-rule
ch05-030	5	Balanced over the cycle	recall	What does “balance the budget over the business cycle” mean?	Allow deficits in recessions and seek surpluses in expansions so that cyclical deficits are roughly offset over time.	Forcing immediate balance during a recession could require tax rises or spending cuts that deepen a contractionary gap. The rule aims to preserve stabilisation while avoiding persistently rising debt.	It does not require BB=0 in every single year.	2	fiscal-rule,business-cycle
ch05-031	5	Four-sector model	formula	What is PAE in the four-sector model with proportional taxes and imports?	PAE = [C₀ - cT₀ + G₀ + I₀ + X₀] + [c(1-t)-m]Y.	Taxes and imports both reduce induced spending on domestic output. The intercept contains autonomous consumption net of autonomous-tax effects plus autonomous investment, government purchases and exports.	The slope is c(1-t)-m; imports are subtracted.	2	four-sector,PAE
ch05-032	5	Four-sector multiplier	formula	What is the four-sector multiplier?	k = 1 / [1 - c(1-t) + m].	The denominator contains leakages into saving, net taxes and imports. Higher t or m lowers the multiplier; higher c raises it.	The plus sign before m in the denominator follows from imports being a leakage.	2	four-sector,multiplier
ch05-033	5	Leakages and injections	formula	What is the four-sector equilibrium condition in leakage-injection form?	S + T + M = Iᴾ + G + X.	Private saving, net taxes and imports are leakages from the circular flow; planned investment, government purchases and exports are injections. This is algebraically equivalent to Y=PAE.	Be consistent about whether T means net taxes in the course notation.	2	four-sector,equilibrium
ch06-001	6	Asset return	formula	How do you calculate the one-period gross and net rate of return on an asset?	Gross return = (P₁ + income)/P₀; net rate of return = (P₁ + income - P₀)/P₀.	An asset rewards its holder through any cash income plus capital gain or loss. A gross return of 1.08 corresponds to an 8% net return.	Do not divide the capital gain alone by the final price; returns are measured relative to the initial purchase price.	2	assets,return,formula
ch06-002	6	Bond terminology	recall	What are a bond’s principal (face value), coupon and maturity?	Principal/face value is the promised amount repaid at maturity; the coupon is any periodic interest payment; maturity is the date/term until final repayment.	A zero-coupon bond has no periodic coupon and instead pays its face value at maturity. Bond prices today depend on the present value of promised future payments.	The market price of a bond need not equal its face value.	1	bonds,definition
ch06-003	6	Bond price	formula	What is the price today of a one-period zero-coupon bond that pays F next period when the market interest rate is i?	P = F/(1+i).	The bond price is the present value of its future payment. A higher required interest rate discounts the same future payment more heavily.	Do not multiply F by (1+i); that would compound a present amount forward rather than discount a future payment back.	1	bonds,present-value,formula
ch06-004	6	Bond price and interest rate	relationship	What happens to an existing bond’s market price when market interest rates rise?	Its price falls.	The bond’s promised payments are fixed. New securities now offer a higher return, so the old bond must become cheaper to offer the same market yield. Thus bond prices and yields move inversely.	This is about the market price of an already-issued bond, not necessarily the face value repaid at maturity.	1	bonds,interest-rate,high-yield
ch06-005	6	Bond price	calculation	A one-period bond pays $100 next year. What is its price if i=4%?	100/1.04 ≈ $96.15.	This is the exact worksheet calculation. At 2.5%, the same bond would be worth about $97.56, illustrating the inverse price-interest-rate relation.	Use the market rate in decimal form: 0.04, not 4.	1	bonds,calculation
ch06-006	6	Money functions	recall	What three functions of money are emphasised in the course?	Medium of exchange, unit of account and store of value.	As a medium of exchange money avoids barter’s double coincidence of wants; as a unit of account it provides a common price measure; as a store of value it transfers purchasing power through time.	Money can be an imperfect store of value during inflation and still count as money.	1	money,definition
ch06-007	6	Liquidity	recall	What does it mean for an asset to be liquid?	It can be converted quickly and cheaply into the medium of exchange with little loss of value.	Currency and transaction deposits are highly liquid. Houses and specialised machinery are much less liquid even though they can be valuable stores of wealth.	Liquidity is not the same as profitability or solvency.	1	money,liquidity
ch06-008	6	Fiat money	recall	What is fiat money?	Money whose value is not based on conversion into a commodity but on its accepted monetary status and confidence that others will accept it.	Modern currency is valuable because it is widely accepted for payments and supported by monetary/legal institutions, not because the notes themselves have equivalent intrinsic commodity value.	Do not confuse fiat money with commodity money such as gold used directly as money.	1	money,definition
ch06-009	6	Money stock	formula	In the simplified banking model, what makes up the money stock?	M = currency held by the public + bank deposits usable for payment (Cu + D).	Deposits count because they can directly make payments. Currency sitting inside a bank’s vault or settlement account is not simultaneously currency held by the public.	Do not add bank reserves to public currency and deposits as an extra component of ordinary money; that would double-count monetary-base assets as if they were public deposits.	2	money-supply,formula
ch06-010	6	Money demand	recall	Why do households and firms demand money balances?	Primarily to conduct transactions and as a liquid asset, trading convenience against the interest return forgone on other assets.	Higher income/output generates more transactions and raises desired money balances. A higher nominal interest rate raises the opportunity cost of holding non-interest-bearing money and lowers desired balances.	The relevant opportunity cost is usually the nominal interest rate because money and bonds are nominal financial assets.	2	money-demand,intuition
ch06-011	6	Money demand	relationship	How does higher real income Y affect the real money-demand curve MD/P?	It shifts real money demand to the right.	At any given nominal interest rate, a higher volume of transactions makes people want to hold more purchasing power as money.	Do not describe this as a movement along MD: Y is a shift variable, not an axis variable when the diagram plots money balances against i.	1	money-demand,shift-vs-movement
ch06-012	6	Money demand	relationship	How does a rise in the nominal interest rate i affect money demanded, holding Y and P fixed?	It causes a movement along the money-demand curve toward a lower quantity of money demanded.	The higher return available on alternative interest-bearing assets raises the opportunity cost of holding money.	Because i is normally on the vertical axis, a change in i is a movement along the curve rather than a shift of it.	1	money-demand,shift-vs-movement
ch06-013	6	Nominal versus real money demand	relationship	If the price level P doubles while Y and i are unchanged, what happens to nominal and real money demand?	Nominal money demand doubles; real money demand MD/P is unchanged.	People want the same purchasing power of money for the same real transactions, but twice as many dollars are required when every price has doubled.	A price-level change shifts nominal MD but does not shift a real MD/P schedule expressed in purchasing-power units.	2	money-demand,nominal-real
ch06-014	6	Money demand	calculation	Suppose MD/P = 0.8Y - 1200i, with i in decimal form. If Y=1000 and i=5%, what is real money demand?	0.8(1000) - 1200(0.05) = 740.	Income contributes 800 units and the interest opportunity cost subtracts 60. If P=2, nominal desired money balances would be 1480.	Check whether an interest rate is written as 5 or 0.05 before substituting.	2	money-demand,calculation
ch06-015	6	Bank balance sheet	recall	On a commercial bank balance sheet, what are deposits, loans, reserves and equity?	Deposits are liabilities; loans and reserves are assets; equity is the residual net worth, assets minus liabilities.	Depositors have claims on the bank, so deposits are amounts the bank owes. Loans are claims the bank has on borrowers. Equity absorbs losses before depositors/other creditors.	From the household’s perspective a deposit is an asset; from the bank’s perspective the same deposit is a liability.	1	banking,balance-sheet
ch06-016	6	Bank balance sheet	formula	What accounting identity must a bank balance sheet satisfy?	Assets = liabilities + equity.	Every transaction changes at least two balance-sheet entries so the identity continues to hold. This bookkeeping is central to the worksheet questions about loans and reserve transfers.	A profitable bank can still face liquidity problems even while its assets exceed liabilities.	1	banking,balance-sheet,formula
ch06-017	6	Bank lending	scenario	What happens immediately when a bank grants a new $10,000 loan by crediting the borrower’s deposit account?	The bank records a $10,000 loan asset and a $10,000 deposit liability; the money supply rises by $10,000.	Modern bank lending can create a deposit at the moment the loan is made. No pile of existing deposits has to be physically handed to the borrower first.	The bank still faces funding, reserve/liquidity, capital, risk and profitability constraints; “banks create deposits” does not mean lending is unconstrained.	2	banking,money-creation
ch06-018	6	Interbank payment	scenario	A borrower spends a newly created deposit and the recipient banks elsewhere. What happens to the two banks?	The payer’s bank loses deposits and settlement reserves to the recipient’s bank; the recipient bank gains both.	The payment transfers settlement balances between banks. The original loan remains an asset of the lending bank unless sold or repaid, so it may need to replace the lost funding/reserves.	An interbank transfer redistributes reserves across banks; it does not by itself change the total settlement balances supplied to the banking system.	3	banking,reserves,balance-sheet
ch06-019	6	Bank leverage	recall	What is bank leverage conceptually?	Using a relatively small amount of equity to support a much larger stock of assets such as loans.	Leverage magnifies returns on equity when assets perform well but also magnifies losses. The course exercises calculate a simple loan-to-equity style leverage measure in their stylised balance sheets.	Different texts define a numerical leverage ratio differently (assets/equity versus loans/equity); follow the formula stated in the question/course table.	2	banking,leverage
ch06-020	6	Reserve-deposit ratio	formula	How is a bank’s reserve-deposit ratio calculated?	Reserves divided by deposits.	It indicates the liquid settlement assets held relative to deposit liabilities. A bank with too few liquid assets can be vulnerable to sudden payment outflows even if its loan portfolio is ultimately valuable.	A reserve is an asset of the commercial bank but a liability of the central bank.	1	banking,reserves,formula
ch06-021	6	Solvency versus liquidity	contrast	What is the difference between a solvent bank and a liquid bank?	Solvent means the value of assets is sufficient to cover liabilities; liquid means the bank can meet payments/withdrawals when due.	A bank can hold sound long-term loans and be solvent but still lack enough immediately available settlement assets during a run. Conversely, temporary liquidity does not rescue a fundamentally insolvent bank forever.	Do not equate inability to pay cash immediately with negative net worth.	2	banking,liquidity,solvency
ch06-022	6	Bank run	recall	What is a bank run?	A rapid wave of deposit withdrawals driven by fear that the bank may be unable to repay depositors.	Because banks transform liquid short-term deposits into less liquid longer-term assets, even a solvent bank may struggle to meet a sufficiently large simultaneous withdrawal demand.	A run can become self-reinforcing; it need not begin with the bank already having negative equity.	2	banking,bank-run
ch06-023	6	Lender of last resort	recall	How can a central bank reduce the risk that a liquidity panic destroys a solvent bank?	Act as lender of last resort by lending settlement liquidity against suitable collateral.	Central-bank liquidity can replace funding that has suddenly fled and allow a solvent bank to meet payments while assets mature or are sold in an orderly way.	Liquidity support is not intended to make fundamentally worthless assets valuable.	2	banking,central-bank,stability
ch06-024	6	Deposit insurance	recall	How can deposit insurance reduce bank-run risk?	By assuring protected depositors that they will be repaid even if their bank fails, reducing the incentive to rush to withdraw first.	The policy can stabilise deposits, but it may also create moral hazard if banks or depositors become less sensitive to risk, which is why prudential regulation remains important.	Insurance reduces run incentives; it does not eliminate all bank-risk or guarantee every liability without limit.	2	banking,deposit-insurance
ch06-025	6	Prudential regulation	recall	Why are banks subject to capital and liquidity regulation?	To make them better able to absorb asset losses and meet payment outflows, reducing the probability and social cost of failure.	More equity provides a loss-absorbing buffer; liquidity requirements increase holdings of assets readily usable for settlement. Regulation responds to systemic externalities and safety-net moral hazard.	Capital is not a vault of cash; bank capital/equity is a funding and loss-absorption concept.	2	banking,regulation
ch06-026	6	Quantity equation	formula	State the quantity equation of money.	MV ≡ PY.	M is the money stock, V velocity, P the price level and Y real output; PY is nominal GDP. As an identity, velocity can be defined so that the equation always holds.	The identity alone does not prove that changing M causes a proportional change in P.	1	quantity-equation,formula
ch06-027	6	Velocity	formula	What is the velocity of money in the quantity equation?	V = PY/M.	Velocity measures how many times, on average, a unit of money is used to support nominal expenditure during the period. Rearranging the identity gives its measured value.	Velocity is not literally the observed speed of each individual banknote.	1	quantity-equation,velocity
ch06-028	6	Quantity theory	recall	What extra assumptions turn MV≡PY into the simple quantity theory prediction that money determines prices?	Velocity is stable (or exogenous) and real output is fixed by real-side factors in the relevant long run.	Under those assumptions, a permanent proportional rise in M produces the same proportional rise in P. In growth rates, money growth in excess of real-output growth (adjusted for velocity growth) produces inflation.	Do not call MV=PY itself a theory; it becomes causal only after behavioural assumptions are added.	2	quantity-theory,money,inflation
ch06-029	6	Quantity theory	formula	What is the approximate growth-rate form of the quantity equation?	g_M + g_V ≈ π + g_Y.	Taking percentage growth rates of MV=PY gives money growth plus velocity growth approximately equal to inflation plus real-output growth. If V is constant, π≈g_M-g_Y.	“Money growth equals inflation” requires both stable velocity and no real-output growth, or an explicit long-run simplification.	2	quantity-theory,formula,inflation
ch06-030	6	Quantity theory	calculation	If money grows 8%, velocity is constant and real output grows 3%, what inflation rate does simple quantity theory predict?	About 5%.	With g_V=0, π≈g_M-g_Y=8%-3%=5%. The extra nominal spending not absorbed by higher real production appears as a higher price level.	Subtract real-output growth; do not simply report the money-growth rate as inflation.	1	quantity-theory,calculation
ch06-031	6	Money growth and inflation	contrast	Why can rapid money growth raise nominal GDP without immediately producing the same inflation rate in the short run?	Velocity and real output can change, and prices/output may respond with lags; the proportional price result is a long-run quantity-theory simplification.	During slack conditions some demand increase may raise real output, and financial innovation can alter velocity. The accounting identity still holds while the causal decomposition changes.	Do not use a long-run quantity-theory conclusion as an exact short-run forecasting rule.	3	quantity-theory,short-run-vs-long-run
ch07-001	7	Central bank objectives	recall	What two broad macroeconomic objectives of the RBA are emphasised in the course?	Price stability/inflation control and full employment, alongside the broader statutory goal of economic prosperity/welfare.	For exam reasoning, monetary policy is typically represented as reacting to inflation relative to target and economic activity/output relative to potential.	Do not assume the central bank directly controls inflation or employment; it controls instruments that influence financial conditions and aggregate demand.	1	RBA,objectives
ch07-002	7	Inflation target	recall	What inflation target does the course use for the RBA?	Consumer price inflation of 2–3% over time.	The target is a range and is intended to be achieved over time, allowing flexibility in response to shocks rather than forcing inflation back instantly after every disturbance.	Do not treat 2–3% as a mechanical requirement that every single quarterly observation lie inside the band.	1	RBA,inflation-target,course-fact
ch07-003	7	Headline versus underlying inflation	contrast	Why might a central bank examine underlying/core inflation as well as headline CPI inflation?	To distinguish persistent broad inflation pressure from temporary or unusually volatile price movements.	Headline inflation measures the actual CPI change faced by consumers, while underlying measures can help assess the trend relevant for medium-term policy.	Underlying inflation is an analytical measure, not a substitute for the target variable unless the course explicitly says so.	2	inflation,monetary-policy
ch07-004	7	Instrument versus target	contrast	What is the difference between a monetary-policy instrument and an ultimate target?	The instrument is the variable the central bank can closely control, such as the cash rate; targets are outcomes such as inflation and employment/output.	The RBA cannot set GDP or inflation by decree. It changes its operating instrument, which influences other interest rates, spending, exchange rates and expectations.	Do not list the inflation rate itself as the cash-market operating instrument.	1	monetary-policy,instrument
ch07-005	7	Cash rate	recall	What is the cash rate in the Australian monetary system?	The overnight interest rate on unsecured loans of Exchange Settlement balances between financial institutions.	Banks use ES balances to settle obligations with one another. The RBA implements monetary policy by keeping the market overnight rate close to its target.	The cash rate is not the same thing as a household mortgage rate, although it influences broader rates.	1	RBA,cash-rate,ESA
ch07-006	7	Exchange Settlement balances	recall	What are Exchange Settlement (ES) balances?	Deposits that eligible financial institutions hold at the RBA and use to settle interbank payments.	They are reserve/settlement assets for commercial banks and liabilities of the RBA. Transactions with the government/RBA can change their total supply, whereas ordinary interbank transfers mostly redistribute them.	ES balances are not household transaction deposits and are not counted as extra public money on top of deposits.	2	RBA,ESA,reserves
ch07-007	7	Cash-rate corridor	recall	How does a central-bank interest-rate corridor help pin down the overnight cash rate?	A standing deposit/remuneration rate creates a floor and a standing lending facility creates a ceiling, so banks have little reason to trade reserves outside the corridor.	The policy target lies within the corridor. If market rates fall below what banks can earn safely at the central bank, lenders withdraw; if rates rise above central-bank borrowing cost, borrowers use the facility instead.	Use the corridor widths specified in the question: historical/textbook examples need not match the lecture’s current operational spread.	2	RBA,corridor,cash-rate
ch07-008	7	Corridor calculation	calculation	A hypothetical corridor is 50 basis points wide and centred on a 2.00% target. What are the floor and ceiling?	1.75% and 2.25%.	A total width of 0.50 percentage points centred on the target means 0.25 percentage points on each side. This is the textbook review example.	Fifty basis points = 0.50 percentage points, not 50%.	1	cash-rate,calculation
ch07-009	7	Reserve demand	relationship	Why is the banking system’s demand for ES balances downward sloping in the overnight interest rate?	Holding more settlement balances becomes more costly relative to lending them when the market interest rate is high, so desired balances are lower.	Banks still need liquidity for payments, but the opportunity cost varies with the overnight rate. A stylised reserve-demand schedule is therefore downward sloping.	Do not confuse system-wide reserve demand with an individual bank’s desire to receive a payment transfer.	2	ESA,money-market,demand
ch07-010	7	Reserve demand	calculation	If reserve demand is Rᵈ=10-2.5i, with i measured in percentage points, how many reserves are demanded at i=2?	5 units.	Substitute i=2: 10-2.5(2)=5. This is the style used in the Chapter 7 review to connect a target cash rate with the required reserve supply.	Check the unit convention: this equation uses 2 for 2%, unlike formulas that use 0.02.	2	ESA,calculation
ch07-011	7	Open-market purchase	scenario	What does an RBA open-market purchase of securities do to ES balances and, all else equal, the overnight cash rate?	It adds ES balances/reserves and puts downward pressure on the cash rate.	The RBA pays for the security by crediting settlement balances. Greater reserve supply makes overnight funds less scarce at the previous rate.	Purchase by the central bank means it buys securities and injects settlement funds; do not reverse the direction.	1	OMO,cash-rate,high-yield
ch07-012	7	Open-market sale	scenario	What does an RBA open-market sale of securities do to ES balances and the cash rate, all else equal?	It drains ES balances/reserves and puts upward pressure on the cash rate.	Buyers pay the RBA, reducing balances in the settlement system. Scarcer overnight funds raise the market rate toward the desired target/corridor.	An RBA sale is contractionary for settlement liquidity; a commercial bank selling a security to another commercial bank only redistributes balances.	1	OMO,cash-rate,high-yield
ch07-013	7	Government payments and ESAs	scenario	The government makes pension payments from its RBA account into households’ commercial-bank deposits. What happens to total ES balances?	They increase.	The RBA credits the recipient banks’ settlement accounts as the government’s account is debited. This injects settlement balances into the banking system unless offset by RBA liquidity operations.	Although the households receive deposits, the worksheet’s cash-market question is specifically about the banks’ ES balances.	2	ESA,government-transaction
ch07-014	7	Interbank security trade	scenario	Bank A buys a security from Bank B and settles through their ES accounts. What happens to total ES balances in the banking system?	The total is unchanged; ES balances are transferred from A to B.	An interbank private transaction changes the distribution of central-bank balances, not their aggregate quantity. The RBA/government sector is needed to inject or withdraw the system total.	Do not add the receiving bank’s gain without subtracting the paying bank’s loss.	2	ESA,interbank,balance-sheet
ch07-015	7	Cash-rate target increase	scenario	How can the RBA implement a higher cash-rate target in the stylised reserve-market diagram?	Tighten settlement liquidity/shift the relevant operating corridor upward so the equilibrium overnight rate rises to the new target.	Operational details vary with the corridor system, but the economic direction is contractionary: the overnight price of funds rises and propagates to broader interest rates.	Do not say a higher target requires permanently flooding the system with reserves at the old corridor.	2	RBA,cash-rate,policy
ch07-016	7	Monetary transmission	sequence	Give the core interest-rate channel from tighter monetary policy to aggregate demand.	Cash rate ↑ → broader nominal interest rates ↑ → expected real interest rates ↑ (for given inflation expectations) → interest-sensitive C and I ↓ → PAE/AD ↓ → output pressure ↓.	Other channels can include exchange rates, asset prices, credit and expectations, but the course’s macro model foregrounds the real interest-rate effect on consumption and investment.	The spending decision depends primarily on expected real borrowing/return conditions, not the nominal rate in isolation.	2	monetary-transmission,sequence
ch07-017	7	Real-rate channel	formula	Why can a nominal-rate change alter the expected real interest rate in the short run?	Because expected real r ≈ i - expected inflation, and inflation expectations need not jump one-for-one with a policy-rate change.	If expected inflation is temporarily sticky, a higher nominal policy/bank rate translates into a higher expected real rate and suppresses interest-sensitive spending.	If nominal rates rise only because expected inflation rose equally, the real rate may not change.	2	real-interest-rate,monetary-policy
ch07-018	7	Yield curve	recall	What is the yield curve?	A relationship between yields/interest rates and maturity for otherwise comparable debt securities.	Its shape reflects expectations of future short-term rates plus term/risk premia. Monetary policy influences short rates directly and longer rates partly through expectations of the future policy path.	Comparing yields across very different default risks confounds maturity with credit risk.	2	yield-curve,bonds
ch07-019	7	Expectations hypothesis	formula	Under the simplified expectations hypothesis with no term premium, how is a two-year interest rate related to current and expected one-year rates?	(1+i₀,₂)² = (1+i₀,₁)(1+E i₁,₂); approximately, the two-year rate is the average of the two one-year rates.	Investors should be indifferent between locking in two years and rolling over one-year securities if expected compounded returns are equal and there is no term premium.	Use compounding for exact calculations; the arithmetic average is an approximation for modest rates.	3	yield-curve,expectations-hypothesis,formula
ch07-020	7	Expectations hypothesis	calculation	If the current one-year rate is 2% and the expected one-year rate next year is 4%, what is the approximate two-year annual rate under the expectations hypothesis?	About 3%.	The approximation averages expected short rates: (2%+4%)/2=3%. Exactly, solve (1+i₂)²=1.02×1.04, giving just under 3%.	Do not add the two annual rates to get 6%; the two-year quote is an annualised rate.	2	yield-curve,calculation
ch07-021	7	Term premium	recall	Why can a long-term interest rate differ from the average expected future short rates?	Investors may require a term/risk premium for holding longer-maturity securities.	Long bonds expose holders to interest-rate and inflation uncertainty over a longer horizon. The simple expectations hypothesis abstracts from this premium; richer versions add it.	A steep yield curve is not mechanically proof that only future short rates will rise; term premia can move too.	3	yield-curve,term-premium
ch07-022	7	Policy rule	recall	What is the intuition of a Taylor-style monetary-policy rule?	Raise the policy nominal interest rate when inflation is above target and/or output is above potential, and lower it when inflation is below target or output is weak.	A systematic rule summarises stabilising policy behaviour: excessive inflation/activity calls for tighter financial conditions; weak inflation/activity calls for easier conditions.	A Taylor rule is a descriptive/normative benchmark, not a claim that the RBA mechanically follows one exact equation.	2	Taylor-rule,policy-rule
ch07-023	7	Taylor rule	calculation	Using i = 4 + 1.5(π-πᵀ) + 0.5(output gap), what is i if π=4%, πᵀ=2% and the output gap is +2%?	4 + 1.5(2) + 0.5(2) = 8%.	Both inflation and output are above desired levels, so the rule prescribes a substantially higher nominal rate than its 4% baseline.	Use the inflation gap π-πᵀ, not π itself in the response term.	2	Taylor-rule,calculation
ch07-024	7	Taylor principle	recall	Why should a stabilising policy rule often raise the nominal interest rate by more than one-for-one when inflation rises persistently?	So that the real interest rate rises, making policy genuinely contractionary rather than allowing higher inflation to lower the real rate.	If i rose less than inflation expectations, r≈i-πᵉ could fall, stimulating demand and amplifying inflation. A coefficient on inflation above one embodies the Taylor principle.	The rule concerns the response of the nominal rate to inflation; the objective is the direction of the real rate.	3	Taylor-rule,real-interest-rate
ch07-025	7	Zero lower bound	recall	What problem does the effective lower bound on nominal interest rates create in a severe recession?	The central bank may be unable to cut its normal short-term nominal-rate instrument far enough to generate the desired low/negative real rate.	If inflation expectations are low or negative, r=i-πᵉ can remain too high even when i is near zero. This motivates unconventional policy or complementary fiscal support in severe downturns.	A zero nominal rate does not imply a zero real rate.	2	zero-lower-bound,monetary-policy
ch07-026	7	Policy reaction function	formula	What is a simple monetary-policy reaction function (PRF) in the course AD model?	A rule in which the real interest rate rises with inflation, e.g. r = r̄ + γπ (or equivalently with the inflation gap), with γ>0.	The PRF compresses the central bank’s behaviour into the real rate used in spending decisions. Higher inflation elicits tighter real monetary conditions.	This is not the money-demand curve; it maps inflation into the policy-relevant real interest rate.	2	PRF,formula,AD-AS
ch07-027	7	PRF shift	scenario	What does an upward exogenous shift of the PRF mean?	Contractionary monetary policy: a higher real interest rate at every given inflation rate.	Because C and I fall at a given π, planned expenditure and aggregate demand shift left. A downward PRF shift is expansionary.	A movement upward along an unchanged PRF caused by higher inflation is not the same as an exogenous policy shift.	1	PRF,shift-vs-movement,high-yield
ch07-028	7	Inflation target and flexibility	recall	Why does flexible inflation targeting not require the central bank to eliminate every inflation deviation immediately?	Rapidly offsetting supply shocks can impose unnecessarily large output/employment costs, so policy can return inflation toward target over time while also stabilising activity.	The dual concern for inflation and real activity is why policy responses depend on the source and persistence of a shock, not just the current CPI number.	Temporary headline inflation above target does not mechanically imply the largest possible rate rise.	3	inflation-target,policy-tradeoff
ch08-001	8	AD model building blocks	recall	What three relationships are combined to derive the course’s aggregate-demand (AD) curve?	Planned aggregate expenditure/equilibrium output, the negative effect of the real interest rate on C and I, and the monetary-policy reaction function linking inflation to the real interest rate.	Inflation affects the real policy rate through the PRF; the real rate affects planned expenditure; equilibrium expenditure determines output. Combining them gives Y as a decreasing function of inflation.	The course AD curve is not introduced primarily via a fixed nominal money supply and real balances; it is built around an interest-rate-setting central bank.	2	AD,derivation
ch08-002	8	Interest-sensitive spending	relationship	How does a higher real interest rate affect consumption and planned investment in the Chapter 8 model?	It reduces interest-sensitive consumption and investment, lowering PAE.	Higher real borrowing costs discourage durable consumption/investment, while a higher return to saving can postpone consumption. Investment projects also fail the profitability hurdle as user cost rises.	Government purchases and exports are often treated as autonomous in the basic derivation unless the question says otherwise.	1	AD,real-interest-rate
ch08-003	8	PAE with real rate	calculation	If C=200+0.6Y-20r and I=80-10r, with no other sectors, what is PAE?	PAE = 280 + 0.6Y - 30r.	Add C and I: autonomous expenditure is 280, induced expenditure is 0.6Y, and total interest sensitivity is -20r-10r=-30r.	Combine the two r coefficients; do not drop the investment response.	1	PAE,real-interest-rate,calculation
ch08-004	8	Output and real rate	formula	Using PAE=280+0.6Y-30r, what equilibrium-output relation follows?	Y = 700 - 75r.	Set Y=PAE: 0.4Y=280-30r, then divide by 0.4. This is the intermediate “IS-like” relation used before substituting the policy reaction function.	Equilibrium requires Y=PAE, not merely reading 280-30r as output.	2	AD,derivation,calculation
ch08-005	8	Derive AD	calculation	If equilibrium output is Y=700-75r and the PRF is r=1.5+0.5π, what is the AD curve?	Y = 587.5 - 37.5π (approximately 587 - 37.5π if rounded as in course material).	Substitute the PRF: Y=700-75(1.5+0.5π)=700-112.5-37.5π. The negative coefficient on inflation is the AD slope.	Do not substitute a nominal rate if the spending equations are written in terms of the real rate.	2	AD,derivation,calculation
ch08-006	8	AD slope	recall	Why does the course’s AD curve slope downward in inflation-output space?	Higher inflation prompts the central bank to raise the real interest rate; higher r lowers C and I; lower PAE reduces equilibrium output.	The causal chain is π↑ → r↑ → interest-sensitive spending↓ → PAE↓ → Y↓. This is the exact intuition highlighted in Worksheet 7.	Do not give the standard micro demand-law explanation “higher prices reduce quantity demanded”; AD is an economy-wide policy/spending relationship.	1	AD,high-yield,sequence
ch08-007	8	Movement along AD	scenario	What causes a movement along an unchanged AD curve in this model?	A change in inflation that induces the corresponding real-rate and output response through an unchanged PRF and unchanged autonomous spending.	Inflation is an axis variable. Changing it traces out different combinations of π and Y consistent with the same underlying behavioural equations.	A change in G, autonomous consumption, exports or the PRF shifts AD rather than moving along it.	1	AD,shift-vs-movement
ch08-008	8	AD shift	scenario	What happens to AD if autonomous exports fall?	AD shifts left.	At every inflation rate, the same PRF sets the same real rate, but lower exports reduce autonomous PAE and equilibrium output. Worksheet 7 uses this as a shift question.	Because inflation has not caused the change, do not call it a movement up the AD curve.	1	AD,shift,exports
ch08-009	8	AD shift	scenario	What happens to AD after an exogenous upward shift in the PRF?	AD shifts left.	At every inflation rate the central bank now sets a higher real interest rate. Consumption and investment are lower, so equilibrium output is lower at every π.	An upward PRF shift is contractionary; it is easy to reverse this because the PRF itself moves upward while AD moves left.	2	AD,monetary-policy,shift
ch08-010	8	AD shift	scenario	Name common changes that shift AD to the right.	Higher autonomous C, I, G or X; lower autonomous taxes; or an exogenous expansionary/downward PRF shift.	Anything that raises equilibrium planned spending at a given inflation rate shifts AD right. The exact list depends on which variables are included in the model in the question.	A lower current inflation rate by itself is a movement along AD, not a rightward shift.	2	AD,shift
ch08-011	8	Output gap	formula	How is the output gap defined?	Actual output minus potential output, often expressed as a percentage of potential: (Y-Y*)/Y* ×100%.	Y>Y* is an expansionary/positive gap; Y<Y* is a contractionary/negative gap. The gap drives inflation pressure in the aggregate-supply relationship.	Potential output is sustainable/full-employment output, not the absolute physical maximum the economy could produce for a moment.	1	output-gap,formula
ch08-012	8	Aggregate supply	recall	What variables drive current inflation in the course’s short-run aggregate-supply/inflation equation?	Expected inflation, the output gap and any inflation/supply shock.	A generic form is π = πᵉ + λ(output gap) + supply shock, with λ>0. Above-potential output puts upward pressure on inflation; below-potential output puts downward pressure.	The exact coefficients/sign convention can vary; preserve the intuition and use the equation supplied in a calculation.	2	AS,inflation,formula
ch08-013	8	Adaptive expectations	recall	What is adaptive inflation expectation formation in the simplest course model?	Expected current inflation is based on recently observed inflation, often πᵉ_t = π_{t-1}.	This creates inflation persistence: today’s inflation becomes the benchmark for next period’s wage/price setting unless an output gap or shock moves it.	Adaptive expectations are backward-looking, unlike fully forward-looking rational expectations.	1	AS,expectations
ch08-014	8	Short-run AS shape	recall	Why can the course depict very short-run AS as horizontal at inherited inflation?	With sticky prices/wages and adaptive expectations fixed from the previous period, firms can initially meet demand changes at roughly the preset inflation rate.	A demand shift therefore changes output first. Persistent output gaps then change inflation in subsequent periods, shifting the short-run inflation line.	Do not import a differently drawn upward-sloping SRAS from another textbook if the question uses the course’s lagged-inflation diagram.	2	AS,course-convention,short-run
ch08-015	8	Inflation dynamics	scenario	If Y>Y* and there is no favourable supply shock, what happens to inflation over time?	Inflation tends to rise.	An expansionary output gap creates excess demand and pressure on wages/prices. With adaptive expectations, the higher inflation can then become embedded in the next period’s expected inflation.	A positive output gap is not synonymous with a high price level; it creates a change in inflation dynamics.	1	AS,output-gap,inflation
ch08-016	8	Inflation dynamics	scenario	If Y<Y* and there is no adverse supply shock, what happens to inflation over time?	Inflation tends to fall.	A contractionary gap weakens wage and price pressure. Under adaptive expectations, lower realised inflation feeds into lower expected inflation in later periods.	Falling inflation (disinflation) does not necessarily mean the price level itself is falling; that requires negative inflation.	1	AS,output-gap,inflation
ch08-017	8	Long-run equilibrium	recall	What condition characterises long-run macroeconomic equilibrium in the basic AD-AS model?	Output equals potential output, Y=Y*, so there is no output-gap pressure causing inflation to keep changing.	At Y=Y*, expected and actual inflation can be consistent, conditional on no new supply shock. AD determines which inflation rate is compatible with potential output and the policy regime.	Long-run equilibrium does not require zero inflation; it can occur at the central bank’s positive target.	2	AD-AS,long-run
ch08-018	8	Expansionary AD shock	sequence	Starting from long-run equilibrium, what is the typical adjustment after a persistent positive AD shock?	Initially Y rises above Y* at roughly inherited inflation; the positive gap then raises inflation; policy real rates rise and/or short-run AS adjusts until Y returns to Y*, generally at a higher inflation rate if the AD shift persists.	The key distinction is short-run real effects versus long-run restoration of potential output. Inflation adjustment eliminates the sustained output gap.	Do not leave the economy permanently above potential just because the initial AD shift was permanent.	3	AD-AS,demand-shock,sequence
ch08-019	8	Negative AD shock	sequence	Starting from long-run equilibrium, what is the typical adjustment after a persistent negative AD shock?	Initially Y falls below Y*; the contractionary gap causes inflation to decline; easier real monetary conditions and inflation adjustment move output back toward Y*, at a lower inflation rate if the AD shift persists.	Self-correction operates through the effect of the output gap on inflation and the monetary-policy response to inflation.	The short-run recession can still be costly even if the model eventually self-corrects.	3	AD-AS,demand-shock,sequence
ch08-020	8	Demand stabilisation	scenario	How can expansionary monetary policy respond to a negative AD shock/recession?	Shift the PRF downward, lowering the real interest rate at each inflation rate and shifting AD right.	Lower real rates support C and I, reducing the contractionary output gap. Fiscal expansion can also shift autonomous PAE/AD right.	A rate cut is expansionary because it lowers r; an upward PRF shift would worsen the contraction.	1	AD-AS,stabilisation,monetary-policy
ch08-021	8	Self-correction versus policy	contrast	Why might policymakers still stabilise a demand shock if the economy eventually self-corrects?	Because self-correction can be slow, so unemployment and lost output can persist while inflation/expectations adjust.	Stabilisation trades off the risks of policy lags, measurement error and side effects against the cost of leaving a large output gap unaddressed.	“Eventually returns to Y*” does not imply the transition has zero welfare cost.	2	AD-AS,stabilisation,lags
ch08-022	8	Adverse supply shock	scenario	What is an adverse inflation/supply shock, and what does it do in the short run?	A shock that raises inflation at a given output gap, such as a sharp input-cost increase; it shifts short-run AS/inflation upward and can combine higher inflation with lower output.	Unlike a pure demand shock, it creates a policy trade-off: contracting AD fights inflation but worsens output, while expansion supports output but accommodates more inflation.	Do not automatically prescribe expansionary policy merely because output falls; first identify whether the disturbance is demand-side or supply-side.	2	AS,supply-shock,stagflation
ch08-023	8	Favourable supply shock	scenario	What does a favourable supply/inflation shock do?	It lowers inflation pressure at a given output gap, permitting lower inflation and/or stronger output in the short run.	Examples can include temporary falls in important input prices or improvements that reduce production costs. Policy may be able to tolerate stronger demand without exceeding inflation objectives.	A temporary favourable cost shock is not the same as a permanent rise in potential output/productivity.	2	AS,supply-shock
ch08-024	8	Supply-shock policy tradeoff	recall	Why is an adverse supply shock harder for a central bank to stabilise than a pure demand shock?	Because inflation and output move in undesirable opposite directions: inflation rises while output weakens.	A tighter policy lowers inflation but deepens the negative output effect; easier policy supports output but allows more inflation. Flexible inflation targeting balances the two objectives over time.	For a negative demand shock, both lower output and lower inflation generally call for easing; the objectives are not in conflict.	2	AS,policy-tradeoff
ch08-025	8	Accommodating inflation	recall	What does it mean to “accommodate” an adverse inflation shock?	Allow demand/policy to support output rather than fully offsetting the shock’s inflation effect, accepting more inflation at least temporarily.	Accommodation can reduce the recessionary cost of a supply shock but risks entrenching higher inflation expectations if continued too long.	Accommodation is not the same as eliminating the original supply problem.	3	AS,monetary-policy,accommodation
ch08-026	8	Potential-output shock	scenario	What happens when potential output Y* permanently falls, holding AD initially unchanged?	The long-run sustainable output benchmark shifts left/down; the old level of Y now represents a positive output gap, creating upward inflation pressure until output adjusts to the new lower Y*.	This is different from a temporary cost shock because productive capacity itself has changed. Long-run output cannot be restored by demand stimulus alone.	Trying to hold Y permanently at the old potential with demand expansion would generate continuing inflation pressure.	3	potential-output,supply-shock,long-run
ch08-027	8	Potential-output improvement	scenario	How does a permanent rise in productivity/potential output affect the AD-AS economy?	Y* rises, allowing a higher sustainable level of real output; at the old demand position there may initially be a contractionary gap and downward inflation pressure.	Over time monetary/demand conditions can accommodate the greater productive capacity without creating an inflationary gap.	A supply-side increase in Y* is not itself a rightward shift of the AD curve.	2	potential-output,productivity
ch08-028	8	Inflation target change	scenario	In the course policy model, what is the long-run implication of a credible permanently higher inflation target, holding real-side potential unchanged?	Long-run output remains Y*, but equilibrium inflation can be higher; monetary policy is easier relative to the old target during the transition.	A nominal inflation objective does not permanently raise the economy’s productive capacity. Any temporary output effect disappears once the output gap closes.	Do not claim a permanently higher target permanently raises real GDP above potential.	3	inflation-target,long-run-neutrality
ch08-029	8	Fiscal timing error	scenario	Why can a delayed discretionary tax cut announced in a recession become destabilising?	If it takes effect after output has already recovered to or above potential, it shifts AD right when expansion is no longer needed, creating an expansionary gap/inflation pressure.	This is a classic policy-lag MCQ: evaluate the state of the economy when the policy takes effect, not just when it was announced.	Do not label a policy stabilising solely from its intended original purpose.	2	fiscal-policy,lags,AD-AS
ch08-030	8	Global financial crisis	recall	How is a financial crisis represented in the basic AD framework when it depresses confidence, credit and private spending?	As a leftward AD shift through lower autonomous consumption/investment and/or tighter effective financial conditions.	Falling wealth, uncertainty and impaired credit reduce planned private demand. Monetary and fiscal easing can counter part of the resulting contractionary gap.	The banking shock originates in finance but its macro demand effect is still represented as weaker spending/AD.	2	financial-crisis,AD
ch08-031	8	AD equation	relationship	If the sensitivity of spending to the real interest rate becomes larger, what happens to the absolute slope coefficient in an equation written Y = a - bπ, assuming the PRF response is unchanged?	b becomes larger: output responds more strongly to inflation-induced real-rate changes.	Stronger interest sensitivity amplifies the chain π→r→C/I→Y. In a graph with inflation vertical and output horizontal, be careful translating the algebraic coefficient into visual “steepness.”	Do not rely on the word “steeper” without checking which variable is on which axis; use the equation’s comparative statics.	3	AD,comparative-statics
ch08-032	8	PRF response strength	relationship	If the central bank reacts more strongly to inflation (larger γ in r=r̄+γπ), how does output respond to a given inflation change along AD?	More strongly in the negative direction.	A larger γ produces a larger real-rate increase for the same rise in inflation, hence a larger reduction in interest-sensitive spending and equilibrium output.	Again distinguish the coefficient in Y(π) from the visual slope if axes are reversed.	3	AD,PRF,comparative-statics
ch09-001	9	Balance of payments	recall	What is the balance of payments (BOP)?	A set of accounts recording economic transactions between residents of a country and the rest of the world over a period.	The BOP is a flow accounting system. Transactions are grouped mainly into the current account and the capital/financial account, with double-entry bookkeeping ensuring offsetting entries overall.	Do not confuse the BOP with the stock of foreign assets and liabilities at one point in time.	1	BOP,definition
ch09-002	9	Current account	recall	What belongs in the current account?	Trade in goods and services, net primary income from abroad, and net secondary income/current transfers.	A compact expression is CA = exports - imports + net primary income + net secondary income. The trade balance is only one component of the current account.	Buying a foreign share is a financial-account transaction, not an import of a good or service.	1	BOP,current-account
ch09-003	9	Trade balance	formula	How is the trade balance (net exports) defined?	NX = X - M.	Exports are domestic production sold abroad; imports are foreign production purchased domestically. A trade surplus has X>M and a trade deficit has X<M.	The current account can differ from NX because it also includes cross-border income and transfers.	1	BOP,trade-balance,formula
ch09-004	9	Primary income	recall	Give examples of primary-income flows in the current account.	Wages earned across borders and investment income such as interest, dividends or profits received from foreign assets or paid to foreign owners.	Primary income is compensation for supplying labour or capital. It helps explain why GDP (location of production) and national income/GNI (income of residents) can differ.	A purchase of the underlying share or bond is financial account; the dividend/interest it later pays is primary income in the current account.	2	BOP,primary-income
ch09-005	9	Secondary income	recall	What are secondary-income/current-transfer flows in the current account?	One-way current transfers where no good, service or factor income is received in return, such as some remittances or international aid transfers.	These redistribute income internationally without being payment for current production or factor services.	Do not classify a payment for imported consulting as a transfer; it is an import of a service.	2	BOP,secondary-income
ch09-006	9	Financial account	recall	What does the financial account record?	Cross-border transactions in financial assets and liabilities, such as purchases/sales of shares, bonds, deposits, loans and direct investment.	A current-account deficit is financed by a net financial inflow: foreigners acquire more claims on the domestic economy and/or residents reduce foreign claims.	The exact credit/debit sign conventions can be easy to reverse; focus first on whether capital is flowing into or out of the country.	2	BOP,financial-account
ch09-007	9	BOP identity	formula	Ignoring statistical discrepancy, what accounting identity links the current account to the capital/financial account?	Their balances sum to zero under the course’s sign convention: CA + KFA = 0.	Every international transaction creates offsetting entries. If a country buys more current goods/services/income than it receives, it must finance that gap by net asset sales/borrowing from abroad.	A current-account deficit does not make the entire BOP “out of balance”; the financial side provides the counterpart.	1	BOP,identity,high-yield
ch09-008	9	BOP transaction	scenario	An Australian buys a US-produced laptop and pays using an Australian bank claim that ultimately becomes a US resident’s Australian financial asset. What are the broad BOP entries?	An Australian current-account debit/import and an offsetting financial inflow/financial-account entry.	The real resource flows into Australia while a financial claim flows the other way. Double-entry accounting records both sides of the same transaction.	Do not record only the import and conclude the BOP fails to balance.	2	BOP,transaction,classification
ch09-009	9	BOP transaction	scenario	An Australian resident buys newly issued shares in a foreign company. Is this a current-account import?	No. It is acquisition of a foreign financial asset, recorded in the financial account.	No currently produced good or service crosses the border merely because ownership of a financial claim changes. Any later dividends would be primary income.	Financial assets are not counted as goods/services imports in GDP or the current account.	1	BOP,financial-account,classification
ch09-010	9	Open-economy saving identity	formula	What identity links national saving, investment and the current account?	CA = S - I, equivalently S = I + CA.	If national saving exceeds domestic investment, the excess is lent/invested abroad and the country runs a current-account surplus. If investment exceeds saving, foreign saving finances the gap and CA is negative.	In a closed economy S=I; in an open economy domestic investment need not equal national saving.	1	open-economy,saving-investment,formula
ch09-011	9	Current-account deficit	recall	What does a current-account deficit imply about national saving and domestic investment?	S < I; the economy uses net foreign saving/capital inflow to finance part of domestic spending/investment.	The deficit has an offsetting financial inflow. Whether this is concerning depends on why it arises and whether the foreign-financed spending generates future capacity to service liabilities.	A current-account deficit is not mechanically “bad”; an investment boom can create one for productive reasons.	2	current-account,saving-investment
ch09-012	9	Current-account surplus	recall	What does a current-account surplus imply about S and I?	S > I; the country is a net lender/acquirer of financial claims on the rest of the world.	Domestic saving not used for domestic investment finances investment or borrowing abroad.	A surplus is not automatically evidence of stronger welfare; it can also reflect unusually weak domestic investment.	2	current-account,saving-investment
ch09-013	9	Small open economy	recall	What is the key interest-rate assumption for a small open economy with high capital mobility?	It takes the world real interest rate r* as given, so the domestic real rate is pinned close to r*.	Because the country is too small to move global financial prices, saving and investment can differ domestically, with net capital flows bridging the gap.	Do not force domestic S and I to intersect by changing r as in the closed-economy Chapter 3 model.	2	small-open-economy,world-interest-rate
ch09-014	9	Fiscal deficit in small open economy	scenario	In the stylised small open economy, what does a government budget deficit that lowers national saving tend to do if r remains fixed at r*?	It worsens the current account/increases net foreign borrowing rather than necessarily crowding out domestic investment through a higher real rate.	With r pinned by world markets, investment demand need not fall. The saving shortfall is financed by a larger capital inflow, so CA=S-I becomes more negative.	This contrasts with the closed-economy crowding-out mechanism where lower S pushes r up and I down.	3	small-open-economy,fiscal-policy,current-account
ch09-015	9	Investment boom in small open economy	scenario	What happens if domestic investment demand rises in a small open economy while national saving and r* are unchanged?	Domestic investment rises and the current account moves toward deficit; net capital inflow finances the extra investment.	The world rate prevents the domestic interest rate from needing to rise enough to force saving equal to investment.	Do not interpret every current-account deficit as consumption beyond means; it can reflect high productive investment.	2	small-open-economy,investment,current-account
ch09-016	9	Nominal exchange rate convention	recall	What nominal exchange-rate convention is used for Australia in the course examples?	e is commonly units of foreign currency per Australian dollar, e.g. USD/AUD.	If e=0.65 USD/AUD, A$1 buys US$0.65. Under this quotation, a rise in e means the Australian dollar buys more foreign currency.	Some textbooks quote the reciprocal. Always inspect the units before deciding whether a numerical rise means appreciation or depreciation.	1	exchange-rate,notation,high-yield
ch09-017	9	Appreciation	recall	Under the convention e = foreign currency per A$, what is an appreciation of the Australian dollar?	An increase in e: one Australian dollar buys more foreign currency.	An appreciation makes foreign-currency goods/assets cheaper in AUD terms, all else equal, while making Australian goods more expensive to foreigners.	If a question uses AUD per USD instead, the numerical direction reverses. Units rule everything.	1	exchange-rate,appreciation
ch09-018	9	Depreciation	recall	Under e = foreign currency per A$, what is a depreciation of the Australian dollar?	A decrease in e: one Australian dollar buys less foreign currency.	Foreign goods become more expensive in AUD terms, while Australian goods become cheaper to foreigners, other things equal.	Do not use “e rises = depreciation” unless the exchange rate is explicitly quoted as domestic currency per unit foreign currency.	1	exchange-rate,depreciation
ch09-019	9	Currency conversion	calculation	If e=0.65 USD/AUD, how many USD does A$200 buy?	US$130.	Multiply AUD by USD per AUD: 200×0.65=130. Dimensional analysis cancels AUD and leaves USD.	Do not divide when the quoted units already tell you USD obtained per one AUD.	1	exchange-rate,calculation
ch09-020	9	Currency conversion	calculation	If e=0.65 USD/AUD, how many AUD are needed for US$130?	A$200.	Divide USD by USD/AUD: 130/0.65=200 AUD. This is the reciprocal conversion of the previous card.	Use units to decide multiply versus divide rather than memorising a rule.	1	exchange-rate,calculation
ch09-021	9	Cross rate	calculation	If 1 AUD=0.65 USD and 1 EUR=1.10 USD, approximately how many EUR does 1 AUD buy?	0.65/1.10 ≈ 0.591 EUR.	Convert the AUD’s 0.65 USD purchasing power into euros using 1 EUR per 1.10 USD. Cross rates are just consistent unit conversions.	Make sure both quoted rates share a common currency in compatible directions before dividing.	2	exchange-rate,cross-rate,calculation
ch09-022	9	Real exchange rate	formula	With e quoted as foreign currency per domestic currency, what real exchange-rate formula is used?	q = e P_domestic / P_foreign.	q compares the foreign-currency price of the domestic consumption basket with the foreign basket. A rise in q is a real appreciation under this convention.	If the nominal quote is inverted, the real-rate formula must be inverted too; do not mix conventions.	2	real-exchange-rate,formula
ch09-023	9	Real appreciation	recall	What does a real appreciation mean for relative competitiveness, all else equal?	Domestic goods become relatively more expensive than foreign goods, tending to reduce net exports.	With q=eP/P*, q rises if the nominal currency appreciates or domestic prices rise relative to foreign prices. Foreigners find domestic goods dearer while residents find foreign goods relatively cheaper.	A nominal depreciation can coexist with a real appreciation if domestic inflation is sufficiently higher than foreign inflation.	2	real-exchange-rate,net-exports
ch09-024	9	Law of one price	recall	What is the law of one price (LOOP)?	Identical tradable goods should sell for the same price in different locations once prices are expressed in a common currency, absent transport costs and trade barriers.	Arbitrage tends to eliminate large risk-free price gaps: buyers purchase where cheap and sellers redirect goods toward where expensive.	LOOP is a benchmark, not an exact empirical law when goods differ or arbitrage is costly.	1	LOOP,PPP
ch09-025	9	LOOP exchange rate	calculation	A Big Mac costs A$8 in Australia and US$5.20 in the US. What USD/AUD rate would equalise the common-currency price under LOOP?	5.20/8 = 0.65 USD/AUD.	At e=0.65, the Australian burger costs 8×0.65=US$5.20. This is the Worksheet 8 style of calculation.	For foreign currency per AUD, divide the foreign price by the Australian price.	1	LOOP,exchange-rate,calculation
ch09-026	9	Purchasing power parity	recall	What is purchasing power parity (PPP)?	The aggregate-price-level extension of the law of one price: exchange rates should adjust so comparable baskets have similar common-currency purchasing power.	In the long run, countries with persistently higher inflation tend to experience nominal currency depreciation, other things equal. Relative PPP focuses on changes rather than exact equality of price levels.	PPP is a long-run benchmark and performs poorly as an exact short-run exchange-rate model.	2	PPP,exchange-rate
ch09-027	9	PPP limitations	recall	Why can PPP fail substantially in practice?	Non-tradable goods, transport costs, tariffs, product differences, local distribution costs, market segmentation and slow price adjustment limit arbitrage.	A haircut or rent cannot be cheaply shipped across borders, and even tradable retail prices embed local wages/rents/taxes. These wedges allow persistent common-currency price differences.	A PPP deviation is not necessarily a free arbitrage opportunity.	2	PPP,limitations
ch09-028	9	Relative PPP	relationship	If Australian inflation persistently exceeds foreign inflation, what nominal exchange-rate movement does relative PPP predict for the AUD under foreign-currency-per-AUD notation?	Depreciation: e tends to fall.	Higher Australian prices would otherwise make Australian goods increasingly expensive in common currency. A lower e offsets some of the inflation differential.	Because e is foreign currency per AUD, depreciation is a fall, not a rise.	2	PPP,inflation,exchange-rate
ch09-029	9	AUD demand	recall	Who demands Australian dollars in the foreign-exchange market?	Foreigners who need AUD to buy Australian goods/services/assets, and anyone shifting portfolios toward AUD-denominated claims.	Australian exports and foreign investment into Australia are major sources of AUD demand in the simplified market diagram.	Australian residents importing foreign goods generally supply AUD and demand foreign currency, not demand AUD.	1	FX-market,demand
ch09-030	9	AUD supply	recall	Who supplies Australian dollars in the foreign-exchange market?	Australian residents/institutions exchanging AUD for foreign currency to buy foreign goods, services or assets.	Imports and acquisitions of foreign assets generate AUD supply in the simplified FX market.	Foreigners buying Australian exports generate demand for AUD, the opposite side.	1	FX-market,supply
ch09-031	9	FX shift	scenario	What happens to the AUD if foreign demand for Australian exports rises, other things equal?	Demand for AUD shifts right and the AUD appreciates.	Foreign buyers need more AUD to pay Australian producers. At the old exchange rate there is excess demand for AUD, bidding up its foreign-currency price.	Do not shift AUD supply because the physical goods are flowing out; the currency-market transaction is foreigners demanding AUD.	1	FX-market,shift,exports
ch09-032	9	FX shift	scenario	What happens to the AUD if Australians increase imports, other things equal?	Supply of AUD in the FX market shifts right and the AUD depreciates.	Residents exchange more AUD for foreign currency to pay overseas sellers. At the old e there is excess AUD supply.	Imports are demand for foreign currency and therefore supply of AUD in the bilateral simplification.	1	FX-market,shift,imports
ch09-033	9	Interest rates and FX	scenario	What is the usual short-run effect of a rise in Australian interest rates relative to foreign rates, all else equal?	Greater demand for AUD assets/net capital inflow tends to appreciate the AUD.	Higher relative expected returns make Australian financial assets more attractive, raising AUD demand and/or reducing Australian demand for foreign assets.	This relationship depends on expectations and risk; it is a standard ceteris-paribus exam mechanism, not a guaranteed daily-market prediction.	2	FX-market,interest-rate,capital-flow
ch09-034	9	Flexible exchange rate	recall	What determines a flexible/floating exchange rate in the simplified model?	The market-clearing intersection of currency demand and supply, with the rate moving in response to shifts.	The central bank does not promise to convert domestic currency at a fixed official price. Market adjustments equilibrate desired purchases/sales.	A floating central bank can still influence the exchange rate indirectly through interest rates or occasional intervention.	1	exchange-rate-regime,floating
ch09-035	9	Fixed exchange rate	recall	What is a fixed exchange-rate regime?	The central bank/government commits to maintain the currency at or near an announced rate by intervening and using policy/reserves as needed.	At the peg, private FX demand and supply need not balance, so the central bank becomes the residual buyer or seller of domestic currency.	Announcing a peg does not make market pressure disappear; it changes who must absorb the imbalance.	2	exchange-rate-regime,fixed
ch09-036	9	Overvalued peg	scenario	If a fixed AUD rate is above its market-clearing value under the foreign-currency-per-AUD convention, what imbalance exists and how must the central bank defend it?	The AUD is overvalued with excess supply; the central bank must buy AUD and sell foreign reserves.	Private agents want to sell more AUD than foreigners want at the artificially high price. The central bank absorbs the excess AUD, paying out foreign currency from reserves.	To support an overvalued domestic currency, the central bank spends foreign reserves; it does not sell more domestic currency.	2	fixed-exchange-rate,reserves,high-yield
ch09-037	9	Undervalued peg	scenario	If a fixed AUD rate is below market-clearing value, what must the central bank do?	There is excess demand for AUD; the central bank supplies/sells AUD and acquires foreign reserves.	The peg makes AUD artificially cheap. The central bank satisfies excess private demand by issuing/selling domestic currency in exchange for foreign assets.	This intervention tends to accumulate, not deplete, foreign reserves.	2	fixed-exchange-rate,reserves
ch09-038	9	Speculative attack	recall	What is a speculative attack on a fixed exchange rate?	Large-scale selling of a currency when market participants expect the central bank cannot or will not maintain the peg.	If the currency is overvalued, speculators may exchange domestic currency for the central bank’s scarce foreign reserves before an expected devaluation. This can accelerate reserve loss.	The attack is tied to expectations about peg sustainability, not merely ordinary day-to-day currency trading.	2	fixed-exchange-rate,speculative-attack
ch09-039	9	Defending a peg	scenario	What policy choices can a central bank facing an overvalued peg/speculative attack make?	Use foreign reserves, raise interest rates/tighten policy to support currency demand, impose controls in some regimes, or eventually devalue/abandon the peg.	Higher rates can attract/retain capital but may impose a domestic recession cost. Reserves are finite, making an inconsistent peg vulnerable.	There is no unlimited ability to sell foreign reserves; sustainability depends on reserve stocks and policy credibility.	3	fixed-exchange-rate,speculative-attack,policy
ch09-040	9	Monetary transmission via FX	sequence	How can tighter Australian monetary policy reduce aggregate demand through the exchange-rate channel?	Australian rates ↑ → AUD assets become relatively attractive → AUD appreciates → exports become less competitive/imports cheaper → net exports ↓ → AD ↓.	This channel reinforces the domestic interest-rate effects on C and I in an open economy.	An appreciation normally reduces NX under the course convention; do not confuse it with the benefit consumers get from cheaper imports.	2	monetary-policy,exchange-rate,net-exports
ch10-001	10	Economic growth	recall	What measure is most closely tied to long-run improvement in average material living standards?	Growth in real GDP per capita.	Real GDP removes price changes; dividing by population distinguishes a larger economy from higher average output/income per person. Broader welfare measures can still differ from GDP per capita.	Total real GDP can rise while real GDP per capita falls if population grows faster.	1	growth,GDP-per-capita
ch10-002	10	Growth rate	formula	How is a one-period growth rate calculated?	g = (Y_t - Y_{t-1})/Y_{t-1}, usually ×100% for a percentage.	Growth compares the change with the initial/base-period level. Repeated growth compounds rather than adding the same absolute amount each year.	The denominator is the earlier value, not the later value.	1	growth,formula
ch10-003	10	Compound growth	formula	If output grows at a constant rate g for n periods, what is its future level?	Y_n = Y_0(1+g)^n.	Each period’s growth applies to the enlarged previous-period base. This compounding makes small persistent growth-rate differences produce huge long-run level differences.	For 3%, use 1.03, not 1+3.	1	growth,compound-growth,formula
ch10-004	10	Rule of 70	recall	What is the rule of 70 (or roughly 69/72) for growth?	Doubling time in years ≈ 70 divided by the annual percentage growth rate.	At 2% annual growth, a variable doubles in about 35 years; at 3.5%, about 20 years. The rule approximates compound growth using logarithms.	Put the percentage number in the denominator: use 2, not 0.02.	1	growth,rule-of-70
ch10-005	10	Rule of 70	calculation	At 2.5% annual real GDP per capita growth, about how long does living-standard output take to double?	About 28 years.	70/2.5=28. The exact compound-growth answer is close. Such calculations highlight the power of persistent differences in growth rates.	Do not divide 70 by 0.025.	1	growth,calculation
ch10-006	10	Growth-rate differences	recall	Why do seemingly small differences in long-run growth rates matter so much?	Because they compound over many years, creating very large differences in future income levels.	An economy growing 3% rather than 2% does not merely gain one extra percentage point once; the increasingly larger base itself continues to grow.	Do not compare long-run outcomes by multiplying the annual percentage-point gap by years without compounding.	2	growth,compound-growth
ch10-007	10	Convergence	recall	What is economic convergence/catch-up growth?	The tendency for poorer economies to grow faster than richer economies when they have access to similar technology and sufficiently supportive institutions/conditions.	With low capital per worker, marginal returns to additional capital can be high, and poorer countries can adopt existing technologies rather than inventing everything at the frontier.	Poverty alone does not guarantee convergence; weak institutions, human capital, conflict or technology access can prevent catch-up.	2	growth,convergence
ch10-008	10	Production function	recall	What does an aggregate production function describe?	How an economy’s productive inputs and productivity/technology combine to produce real output.	A generic form is Y=F(K,L,A), where K is capital, L labour and A captures productivity/technology. It is a supply-side relationship distinct from the short-run expenditure determination of output.	Do not treat more aggregate demand as an input that permanently raises potential output in a production function.	1	production-function,growth
ch10-009	10	Cobb-Douglas	formula	State the Cobb-Douglas aggregate production function used in the course.	Y = A K^α L^(1-α), with 0<α<1.	A measures total factor productivity; α is capital’s exponent/output elasticity and 1-α labour’s. This functional form has positive but diminishing marginal products and constant returns to scale.	The exponents sum to one in this course version.	1	Cobb-Douglas,formula
ch10-010	10	Constant returns to scale	recall	What does constant returns to scale mean for Y=A K^α L^(1-α)?	If K and L are both multiplied by the same factor x, output is multiplied by x.	Because the exponents sum to one: (xK)^α(xL)^(1-α)=xK^αL^(1-α). Doubling both inputs doubles output with A unchanged.	Constant returns to scale is about changing all reproducible inputs together, not the marginal effect of changing K alone.	2	Cobb-Douglas,returns-to-scale
ch10-011	10	Diminishing marginal product	recall	What does diminishing marginal product of capital mean?	Holding labour and productivity fixed, each additional unit of capital raises output by less than the previous one.	When workers already have abundant machines/infrastructure, adding another unit is less transformative than when capital is scarce. Cobb-Douglas with 0<α<1 has this property.	Diminishing marginal product does not mean total output falls when capital rises; MPK remains positive.	1	marginal-product,capital
ch10-012	10	Diminishing marginal product	scenario	After a disaster destroys much of a country’s capital stock while labour and technology are initially unchanged, what happens to the marginal product of remaining/new capital?	It rises.	Capital has become scarcer relative to labour. Under diminishing MPK, moving left to a lower K raises the extra output generated by an additional unit of capital, supporting rapid reconstruction/catch-up if institutions and financing permit.	The level of output falls after the destruction even though the marginal return to rebuilding capital rises.	2	marginal-product,capital,scenario
ch10-013	10	Marginal product of labour	recall	What is the marginal product of labour (MPL) in the aggregate production function?	The extra output produced by an additional unit of labour, holding capital and productivity fixed.	As in Chapter 2’s labour-demand model, firms value labour according to the additional production it generates. More capital or better technology can raise labour productivity/MPL.	Average labour productivity Y/L and MPL are related but not generally identical.	2	marginal-product,labour
ch10-014	10	Output per worker	formula	Under Cobb-Douglas and constant returns, what is output per worker?	y = Y/L = A(K/L)^α = A k^α.	Define k=K/L. Living-standard productivity depends on capital per worker and total factor productivity, not merely the economy’s total capital stock.	Increasing K and L at the same rate raises total Y but leaves K/L unchanged; without A growth it need not raise output per worker.	1	per-worker,Cobb-Douglas,formula
ch10-015	10	Capital deepening	recall	What is capital deepening?	An increase in capital per worker, K/L.	More or better equipment/infrastructure per worker raises labour productivity, but diminishing returns mean capital deepening alone cannot sustain a constant positive growth rate of output per worker forever without productivity growth.	A larger total K caused only by a proportionally larger workforce is not capital deepening.	2	capital-deepening,growth
ch10-016	10	Capital accumulation limits	recall	Why can’t simply accumulating physical capital generate permanently high per-capita growth on its own in the standard model?	Because diminishing marginal returns make each further increase in capital per worker contribute less to output per worker.	Capital accumulation can generate transitional/catch-up growth, especially from a low starting point, but sustained frontier growth ultimately requires ongoing productivity/technology improvement.	This does not mean investment is unimportant; it means investment alone faces diminishing returns.	2	capital,diminishing-returns,growth
ch10-017	10	Types of capital	recall	What broad forms of capital can support economic growth beyond private physical machinery?	Physical/private capital, public infrastructure and human capital such as education, skills and health.	Roads, communications and institutions can complement private production; human capital raises workers’ productive capabilities. The chapter treats growth as broader than merely purchasing machines.	Human capital is productive knowledge/skills embodied in people, not the same thing as financial wealth.	1	capital,human-capital,public-capital
ch10-018	10	Productivity	recall	What is total factor productivity (TFP), represented by A in Cobb-Douglas?	The efficiency with which measured capital and labour are transformed into output.	A rises with better technology, organisation, knowledge, institutions and other efficiency improvements not captured simply by quantities of K and L. It is central to sustained long-run growth.	TFP is not a directly observed physical input; growth accounting commonly measures its growth as a residual.	2	TFP,productivity,growth
ch10-019	10	Technology and ideas	recall	Why are technological ideas especially important for sustained growth?	Ideas can improve productivity repeatedly and are often non-rival: one person’s use of knowledge need not prevent others using it.	Unlike a machine, a formula or design can potentially be replicated at low marginal cost, creating increasing social returns to innovation and knowledge diffusion.	Non-rival does not necessarily mean non-excludable; patents, secrecy and licensing can restrict access.	2	technology,ideas,growth
ch10-020	10	Public-good properties	contrast	What do non-rival and non-excludable mean?	Non-rival: one person’s use does not materially reduce availability to others. Non-excludable: it is difficult/costly to prevent non-payers from using it.	Pure public goods have both properties. Knowledge is often highly non-rival but can be made partly excludable through intellectual-property rights or secrecy.	Do not treat the two properties as synonyms.	1	public-good,definition
ch10-021	10	Innovation incentives	recall	What tension does intellectual-property protection address in the growth context?	It trades off incentives to create costly new ideas against broad diffusion/use of ideas once created.	Temporary exclusivity can let innovators recover research costs, while overly strong protection can slow imitation and follow-on innovation. The socially efficient balance is not necessarily zero or infinite protection.	Because knowledge is non-rival, the marginal social cost of another user can be very low even when invention was expensive.	3	technology,intellectual-property
ch10-022	10	Institutions and property rights	recall	Why can secure property rights and effective institutions raise long-run growth?	They improve incentives to invest, innovate, contract and allocate resources by making returns more predictable and reducing expropriation/transaction costs.	Even high-return technologies may not be adopted if firms expect assets to be seized or contracts unenforced. Institutions therefore influence both capital accumulation and productivity.	Institutions are not merely an accounting input like K; they affect incentives and efficiency throughout the economy.	2	institutions,property-rights,growth
ch10-023	10	Social capital	recall	What is social capital in a growth context?	Trust, norms and networks that make cooperation, exchange and institutions work more effectively.	Greater trust can lower contracting and monitoring costs and facilitate investment/knowledge sharing. It is difficult to measure but can help explain productivity differences not captured by physical inputs.	Social capital here does not mean the dollar value of social-media companies.	2	social-capital,institutions
ch10-024	10	Natural capital	recall	How can natural capital matter for economic growth and welfare?	Natural resources and environmental systems provide productive inputs and services; depletion or degradation can raise measured output today while reducing future productive/welfare capacity.	A growth strategy that ignores resource sustainability can overstate durable gains. The textbook includes natural capital among broader determinants of productive capacity.	GDP records current production flows and does not automatically subtract every loss of natural wealth.	2	natural-capital,growth,welfare
ch10-025	10	Growth accounting	formula	What is the Cobb-Douglas growth-accounting decomposition?	g_Y ≈ g_A + αg_K + (1-α)g_L.	Output growth is decomposed into TFP growth plus input growth weighted by their output elasticities/income shares. The residual after accounting for K and L is measured productivity growth.	Do not simply add raw K and L growth rates without applying the α and 1-α weights.	2	growth-accounting,formula
ch10-026	10	Growth accounting	calculation	If output grows 3.5%, K grows 2%, L grows 2%, and α=0.25, what is TFP growth?	1.5%.	Weighted input growth is 0.25(2%)+0.75(2%)=2%. Therefore g_A=3.5%-2%=1.5%. This matches the tutorial’s worked style.	When K and L grow at the same rate, their weights sum to one, so their combined contribution equals that common rate.	1	growth-accounting,calculation
ch10-027	10	Growth accounting	calculation	If α=0.3, K grows 5%, L grows 1% and TFP grows 2%, what is predicted output growth?	2% + 0.3(5%) + 0.7(1%) = 4.2%.	Capital contributes 1.5 percentage points, labour 0.7 and TFP 2, summing to 4.2.	These are percentage-point contributions to output growth, not shares of the final 4.2 that need renormalising.	2	growth-accounting,calculation
ch10-028	10	Labour productivity	formula	How can real GDP per capita be decomposed into labour productivity and employment intensity?	Y/Population = (Y/L) × (L/Population).	Average living-standard output rises if output per worker rises or if a larger share of the population works, holding the other factor fixed. Long-run sustained gains are especially tied to productivity.	A rise in employment/population can raise GDP per capita without increasing output per worker.	3	GDP-per-capita,labour-productivity,formula
ch10-029	10	Catch-up versus frontier growth	contrast	Why can a capital-poor country grow rapidly without inventing frontier technology, while a rich frontier economy depends more on innovation?	The poorer country can earn high returns from capital deepening and adopt existing technologies; a frontier economy has less easy imitation/catch-up available and faces stronger diminishing returns to further capital accumulation.	Convergence is therefore partly a transitional process, while sustained global-frontier growth requires continued productivity/idea creation.	Catch-up growth still needs institutions, skills and access that allow technology adoption.	3	convergence,technology,capital
ch10-030	10	Growth policy	scenario	Which policy is more likely to raise the long-run level of output but face diminishing returns if used alone: permanently subsidising physical capital accumulation or permanently improving productivity growth?	Physical-capital accumulation alone mainly raises the level/transitional growth and faces diminishing returns; sustained productivity growth can support ongoing per-capita growth.	This distinction is central to Chapter 10. A one-off productivity-level improvement also mainly raises the level, whereas continued technological progress sustains a growth rate.	Be precise about “level of A” versus “growth rate of A”; only ongoing productivity improvement sustains ongoing productivity growth.	3	growth-policy,capital,TFP
mix-001	0	GDP classification	mcq	Which transaction definitely adds to Australian GDP this year?	A business buys a newly produced machine made in Australia.	The machine is current domestic production and is counted as investment. A used asset sale is not current production; a share purchase is a financial transaction; a transfer payment is not government production expenditure.	MCQs often offer four things involving “spending”; only spending on newly produced domestic final goods/services counts directly.	1	mixed,mcq,GDP
mix-002	0	Nominal versus real	mcq	Nominal GDP rises 8% while the GDP deflator rises 5%. Approximately what happened to real GDP?	It rose about 3%.	For moderate rates, nominal growth ≈ real growth + inflation. More exactly, real growth is roughly 1.08/1.05-1≈2.86%.	Do not subtract price-level indexes themselves; compare their growth rates.	2	mixed,mcq,nominal-real
mix-003	0	Labour statistics	mcq	A person wants a job and would accept one, but stopped actively searching because they believe none are available. In the standard labour-force statistics they are:	Not in the labour force (a discouraged worker).	Unemployment requires being without work, available, and actively seeking work under the statistical definition. Discouraged workers can therefore make the measured unemployment rate understate labour-market weakness.	Everyday-language “unemployed” is broader than the measured statistical category.	1	mixed,mcq,unemployment
mix-004	0	Okun law	mcq	If unemployment is 2 percentage points above the natural rate and Okun’s coefficient β=2, what output gap does the simple relation predict?	About -4%.	Using output gap = -β(u-u*), the unemployment gap is +2 points, so output is about 4% below potential.	The minus sign is the trap: above-natural unemployment corresponds to below-potential output.	1	mixed,mcq,Okun
mix-005	0	Investment versus saving	mcq	Which action is macroeconomic investment rather than household saving/portfolio reallocation?	A firm constructs a new warehouse.	Macroeconomic investment means creation of new capital, housing or inventories. Buying shares reallocates ownership of financial claims; saving is income not consumed.	Finance uses “investment” to mean buying assets, but national accounts use a narrower production-of-capital definition.	1	mixed,mcq,investment
mix-006	0	Crowding out	mcq	In the closed-economy saving-investment model, a larger government deficit reduces national saving. What is the standard sequence?	Saving supply shifts left → real interest rate rises → private investment falls.	The real rate adjusts to restore S=I. The fall in private investment is called crowding out.	This exact mechanism changes in the small-open-economy model where r is pinned by the world rate.	2	mixed,mcq,crowding-out
mix-007	0	PAE equilibrium	mcq	At the current output level, planned aggregate expenditure is less than actual output. What happens to inventories and production?	Unplanned inventories accumulate, leading firms to reduce production/output.	Firms produced more than customers planned to buy. The unsold goods are unplanned inventory investment, signalling firms to cut future production until Y=PAE.	Inventory accumulation is the adjustment signal, not evidence that planned investment intentionally increased.	1	mixed,mcq,PAE
mix-008	0	Multiplier	mcq	In a two-sector model with MPC=0.75, autonomous investment rises by $20. By how much does equilibrium GDP rise?	$80.	The multiplier is 1/(1-0.75)=4, so ΔY=4×20=80.	Do not report the first-round $20 change only.	1	mixed,mcq,multiplier
mix-009	0	Fiscal multiplier	mcq	With c=0.8 and proportional tax rate t=0.25, what is the government-spending multiplier?	2.5.	k_G=1/[1-c(1-t)]=1/[1-0.8×0.75]=1/0.4=2.5.	Do not use 1/(1-c)=5 when proportional taxes are present.	2	mixed,mcq,fiscal-multiplier
mix-010	0	Balanced budget	mcq	If government spending and autonomous taxes both rise by the same amount, which statement is generally correct in the course model with proportional taxes?	Equilibrium GDP rises, but the balanced-budget multiplier need not equal one.	G raises PAE dollar-for-dollar initially while higher taxes reduce consumption only by c dollars per dollar of tax. With t>0, k_BB=(1-c)/[1-c(1-t)], generally positive and less than one for standard parameters.	The famous multiplier of one is a special case when there is no proportional tax leakage.	2	mixed,mcq,balanced-budget
mix-011	0	Debt sustainability	mcq	Holding the primary balance at zero, which condition tends to make the government debt-to-GDP ratio rise?	The real interest rate exceeds real GDP growth, r>g.	Existing debt compounds faster than the GDP denominator. A primary surplus can offset this pressure.	The nominal dollar amount of debt can rise even with a stable ratio, so focus on r, g and the primary balance.	2	mixed,mcq,public-debt
mix-012	0	Bond price	mcq	Market interest rates unexpectedly fall. What happens immediately to the market price of an existing fixed-payment bond?	It rises.	The fixed future payments are discounted at a lower market rate, raising present value.	Bond prices and yields move inversely.	1	mixed,mcq,bond
mix-013	0	Money demand	mcq	In a graph with nominal interest rate on the vertical axis and real money balances on the horizontal axis, which change shifts the real money-demand curve right?	Higher real income/output.	More transactions at every interest rate raise desired real money holdings. A higher interest rate instead causes movement along the curve.	A higher price level changes nominal money demand but not real MD/P if real activity and i are unchanged.	1	mixed,mcq,money-demand
mix-014	0	Bank money creation	mcq	A bank makes a new loan by crediting the borrower’s transaction deposit. Immediately, before the money is spent elsewhere, what changes?	Bank loans and deposits both rise by the loan amount, and the money stock rises.	The loan is a bank asset; the newly created deposit is its liability and a money asset of the borrower.	The bank does not need to reduce another customer’s deposit one-for-one at the moment of loan creation.	2	mixed,mcq,banking
mix-015	0	Quantity theory	mcq	Money growth is 7%, real output growth is 2%, and velocity is constant. What inflation rate does the simple quantity theory predict?	About 5%.	From g_M+g_V≈π+g_Y, set g_V=0 and rearrange π≈7%-2%=5%.	The 7% money-growth figure is not all inflation because some nominal spending growth supports higher real output.	1	mixed,mcq,quantity-theory
mix-016	0	Open-market operation	mcq	Which RBA action directly drains ES balances from the banking system?	Selling securities to the private banking system.	Banks pay the RBA for securities, reducing their settlement balances. An RBA purchase injects balances.	A security trade between two private banks merely redistributes existing ES balances.	1	mixed,mcq,RBA,OMO
mix-017	0	Taylor rule	mcq	Inflation rises above target while output also moves above potential. What direction does a Taylor-style rule prescribe for the policy rate?	Raise it.	Both the inflation gap and output gap point toward tighter monetary conditions.	Do not infer “higher output is good, therefore cut rates”; above-potential output signals inflationary pressure in this stabilisation framework.	1	mixed,mcq,Taylor-rule
mix-018	0	AD shift versus movement	mcq	Exports fall while inflation is unchanged. In the Chapter 8 model, what happens?	The AD curve shifts left.	Exports are autonomous spending in the basic model; less export demand lowers equilibrium output at every inflation rate.	Only a change in inflation tracing the unchanged policy/spending equations is a movement along AD.	1	mixed,mcq,AD
mix-019	0	Supply shock	mcq	Oil/input costs jump sharply, raising inflation and reducing output. Which description best fits?	An adverse supply shock creating a policy trade-off.	Inflation rises while economic activity weakens, unlike a negative demand shock where inflation pressure normally falls. Tightening fights inflation but worsens output; easing supports output but risks accommodating inflation.	Identify the shock before choosing a policy response.	2	mixed,mcq,supply-shock
mix-020	0	AD-AS adjustment	mcq	After a persistent positive demand shock, what is the standard long-run result if potential output is unchanged?	Output returns to Y* while inflation settles at a higher rate than before.	The initial positive output gap raises inflation; policy/adjustment removes the gap. Demand can permanently change the inflation level/rate in this stylised setup, but not permanently push real output above productive capacity.	Do not mistake short-run above-potential output for a permanent real gain.	2	mixed,mcq,AD-AS
mix-021	0	Current account	mcq	A small open economy has national saving of 100 and domestic investment of 130. What is its current account?	-30, a deficit.	CA=S-I=100-130=-30. The economy finances the excess of domestic investment over national saving with net foreign capital inflow.	Do not reverse the identity to I-S.	1	mixed,mcq,current-account
mix-022	0	Small open economy	mcq	In the small-open-economy model, a budget deficit reduces national saving while the world real interest rate is unchanged. Which effect is most direct?	The current account moves toward deficit/net capital inflow rises.	Unlike the closed economy, r does not need to rise enough to crowd out domestic investment; foreign saving can finance the gap.	Before applying “deficit → r↑ → I↓”, check whether the question says closed or small open economy.	2	mixed,mcq,small-open-economy
mix-023	0	Exchange rate	mcq	The exchange rate moves from 0.65 to 0.70 USD/AUD. Under the course convention, what happened to the AUD?	It appreciated.	Each Australian dollar now buys more US dollars. The numerical direction would reverse under the reciprocal AUD/USD quote.	Always read the units before using the words appreciate/depreciate.	1	mixed,mcq,exchange-rate
mix-024	0	FX market	mcq	Australian households suddenly buy many more foreign goods. What is the standard FX-market effect, other things equal?	Supply of AUD increases and the AUD depreciates.	Australians exchange AUD for foreign currency to pay exporters abroad, shifting AUD supply right.	The physical import demand is not “demand for AUD”; it is demand for foreign currency.	1	mixed,mcq,FX-market
mix-025	0	Fixed exchange rate	mcq	A central bank is defending an overvalued fixed domestic currency. Which intervention is required?	Buy domestic currency and sell foreign reserves.	At the too-high peg, private supply of domestic currency exceeds demand. The central bank must absorb that excess supply using foreign assets.	This is the direction most likely to be reversed under exam pressure.	2	mixed,mcq,fixed-exchange-rate
mix-026	0	Growth accounting	mcq	Output grows 4%, capital 4%, labour 2%, and α=0.5. What is TFP growth?	1%.	Input contribution =0.5(4)+0.5(2)=3 percentage points, leaving 1 point for TFP.	Do not subtract 4+2=6 without weighting the input growth rates.	2	mixed,mcq,growth-accounting
mix-027	0	Cobb-Douglas	mcq	For Y=A K^0.3 L^0.7, what happens if K and L both double while A is unchanged?	Output doubles.	The exponents sum to one, so the function has constant returns to scale: 2^0.3×2^0.7=2.	Diminishing marginal product of K does not prevent output doubling when both K and L double together.	1	mixed,mcq,Cobb-Douglas
mix-028	0	Growth and capital	mcq	Which statement best captures why capital accumulation alone cannot sustain permanent per-worker growth in the standard Chapter 10 model?	Capital has diminishing marginal returns, so sustained growth requires ongoing productivity improvement.	Capital deepening raises output per worker, especially when capital is scarce, but each extra increment contributes less. Technological/TFP progress can keep shifting productivity upward.	“Diminishing returns” does not mean investment stops mattering or output eventually falls.	1	mixed,mcq,growth
mix-029	0	Model identification	mcq	Which pairing of models and equilibrium conditions is correct?	Income-expenditure: Y=PAE; closed saving-investment: S=I; long-run AD-AS: Y=Y*.	These are different equilibrium concepts used for different questions. Knowing which equality belongs to which model prevents many plausible-but-wrong substitutions.	No single equation is the equilibrium condition for every chapter.	2	mixed,mcq,model-selection
mix-030	0	Sign discipline	mcq	Which chain is internally consistent for contractionary monetary policy in the course model?	PRF up → real rate up → C and I down → AD left → output down in the short run.	The policy shift raises r at each π. Lower interest-sensitive spending reduces equilibrium demand and closes an expansionary gap or creates a contractionary one.	A graph can move “up” in PRF space while the AD curve shifts “left”; keep track of each diagram separately.	2	mixed,mcq,policy-sequence
